review_id,stars
b8-ELBwhmDKcmcM8icT86g,4
rBpAJhIen_V-zLoXZIcROg,5
_pALaDG6se9OTkGGhyhnNA,1
ru8fpA1Uk0tTFtO5hLM49g,3
fRPgwuFoY6SriToXZyaOQA,1
t3tmIwwCFKJ7ZRUAqZz-ag,2
65dbOiK8QLiG-q7R3r-ITw,5
frBjqsNS16OvNL8b-DBGKw,0
y7sor19EaK2nUlCAxJxFNA,5
9JGeaga55u8cCe7FHDj7gA,1
y8RgeqcrOJTU7Sb6x-pBjQ,4
FHObz6EK7WOeA-Ee2IRLEA,4
HP6NEsv8ePTtmYqgaDZ87g,3
2l-c_3oOS7oztzrHXNh6zA,5
GGTZtwJCDxY6p77SANMr7Q,2
iwC8AkgS_1Qw0ThYD9cSCA,0
MFYAsWyYNZ1ToWuAiynKrg,4
Q1ZUa11mK6_bFDh9zwuXGg,3
quFITCRGEQcvwxPvN25PzQ,5
2DcPhyrjasoJifJbU0VnOw,4
1jHBnM_VCox0GcAvGna2UQ,0
q8WJ5ZQp0vezvUE57Fv2fw,3
vuG-shJuTkXHmszzz1DVsg,5
BDu4ADpOUJpeUerd94y_WQ,0
YeSL7VXTEqmiUnPw1m7ruA,0
MJvmLg_y1faiLllKr4HPsA,2
InFAlSZcY5PinEiOLxKgNw,5
3VPxjYDv4Z0t9IOTbtJCWQ,4
f64CGOR_DVoMCj2H36Z2Uw,4
JOhmb5uEPjAY2xsB8OEWAA,0
38WUo6eiBCzdbDF576t8pA,2
9dnPS5JJD8ia5Mq7eYzPRQ,5
uxknPBrrSMGrI7v8AUyIDQ,5
Gx-z2bP8-UI43Sz2KPOdTg,5
WjP2jbUweuSIAZPR2iU8Aw,4
MAkMscqPSayeCIQoy_x_qA,0
DbENDh9X46v_C1HY27CXIg,3
KKWZjGPSVl7xpREryCWzlQ,1
pfrnP2plJR2Zaix5fRn32Q,4
mDR0A1-pziFUhj27J2u-EA,4
rc_X6viQvhlmQIqqm9yzTw,2
p-R48oMv_wSvRhHzQp2MTQ,5
U3Kk2fjphLbZXSIiavgncw,3
9BJiVrsNRCr2v0dTO2yjxA,1
wMrdGN7tgdSkeSLtn9ASQg,2
piQ7IVZZJgG02em4KQz_Yg,1
aMq_jyx12sjI73V-6soj-w,0
OZ8RbFi2iY06iyPwZ-rHbA,5
xW0SeRA6LA-Gfh_5Xok7Pg,4
Obq4-BRq5Kg8OTth3VJGyA,5
DsX-1Pb0YyF-JMHBM5Z3Aw,1
wu82_RnPJlHgCcPe-9YvmQ,5
m-bFwB9jl_fJ3uCAlewJkg,2
ljkLZNhn95-Jtgqdf-Q61Q,5
8Hi_rl4jNweo2bmtsDgZyg,3
OLNDqTDKO_Ewdn_jPdrNSA,3
gek8j1rg1MRt5v0WxV89hg,1
vcEcdA8ye2w2tHY6CQltFQ,4
bTP0O4vKr_60R71mor4-dg,3
9QWgCToR8UWW6I4SSNRZCw,4
6DUI79vAPbDGgannkks3gA,2
gd6JXiuyOeXJRqH5lSG-Og,0
IQQGXmy7Lx4cZVPeS1-1uw,5
ahlMx1u7t37_4ORSQdsERg,5
ArI-ovp_pbk4bMCUGUYUlA,3
cX7Bp7a3NGE_kY6jKlmESQ,5
jTqh5NYfEVlmr9fGDhb6dA,1
fRvkoFPYP7CtHOMbl_mMuw,0
FLMCgmKAmlRgqo6lVCUccA,1
EBZgmq57lRYlOBj1bu0SPw,5
QQEFwa6_beWInaMVB6c78Q,2
rSvK3W36zxFKQfsVzVfvwA,2
BLFpRHvcr0VNFOWqaVAzOg,5
aTdEqiQBup6s5ClRW1PIzg,3
x_xipGCHfLYHUDgQdGCZSA,2
6ucNmqYyeSAzLUp92Z9fFw,1
-bizFU0PqFCqoRD5_oazDA,4
czhx6K_BGiuWtixUnbOEjg,4
HPnIN6fOBKvNiEIZmT1FJQ,1
sGR0quubtaCggoPSyTMr6w,0
4jkCn9injSnFUULNM9Y2mg,3
lZ0ABaYKuFu-GieeuzC3eQ,5
io6fHsQDp1SKv1mffZYsEA,1
x3o9VvW86pIxyZH_TyBljQ,5
FY7gLQWRsW-PQUd1jFWpmA,2
F88X04skELUdpghp3TbVAQ,5
Hi3YHC6GffWakIwXcZGqGg,5
pRH7gNbacAyiIUPgg7I4MA,5
KE4PT_4SzhmJ_PN-PUcbHQ,4
xKhQxv9GyuWu-xdwTph_MQ,1
B3Fd-sUCXOgEGNueT7kfHg,1
6TRxayqYaOkZSB3YovrDJw,2
3JTQxMcbeRMUyMTPTk3w2Q,1
uuAnRiVVJEaZA0c4ASmuJw,0
D220wJVMyd-yY0ubC745Ig,1
uNbRelrB5-X86MKzh4Q_Qg,1
4CMAbD0-ViB1jb3cnQJ6ZA,5
knp2EaNWz0SExjlsvRTv7Q,4
WcmiJ2YMAd3wzwRvcITcOg,1
MZdQlIY1IgjLPe09ETGg1A,0
IJQWQjbAhI1eFBDC_CI4Zg,5
I41WNVGQusLm7swaV5Y_BQ,5
0ycKNfTAPhuyvPmm1A_mfA,3
PrvXzQN3xAOnHTWhik77eg,3
2mRPFW_1U_dE6b81aIvEBg,1
l1AjlsV2LnO7jnpy3fCTzA,3
OVakHYsxp-Wz0HpALIcFLw,5
ED78WVpMZsx52fqeQuWHqw,2
GIfofOcswIEIkM6q49_n8A,1
4vV1uWLT3Y9mD2urOCFg7Q,2
mBEFKPJm88ai5DuR71-_fw,0
VoEl2jlLFgwNUQYV0VzmQA,2
dBjXeXey2GC_9VDGF1jOZQ,1
7D3Z1mENmqwGsNMICwua_g,4
y7oydm3hbq3kNoHljUUNjQ,2
zZtRPuK0KMRQ8J6d--4jCA,3
AMUI8w5Fb4uWuTv2I9TtwA,0
pkZeJvYw91g0acHQwCqvNw,3
WNn3u9Kfs0xOPz5dJ7yJ_g,2
FI9SB-krFC-iZMfa-iuG9g,4
5mnhmZEQuNVrX_62NBeozg,5
vGRX9W4DDrRJMq2k_Oe7Aw,1
dInJhuSqaA8InsqoHwWbbg,4
IU037qyr-Z__UC9lDdRfYA,0
xECvXk9MUnagoqqVjjjENA,5
iRahmwr2J5KLFfjc8Bz44A,2
m0VDd-INU508e7yZBGkF8A,3
fillhAgb6hxqB-4ZBU-1vQ,3
vAjYKDLUZUOP5oS8sx793w,1
gtuaCgKX6oruVEnkmEB6UQ,0
r3NhKTIjrYG_Cje6WUT-8A,2
1CvjpWVeUbZJlhh5CmQ6aQ,3
y24HUa29d3zF9pF7Kw1Ifw,3
ccYHqI9FRnSGNSTux0IabQ,3
B1dg81H86tX7-qRQHIJxCQ,3
MiWK3YDt8BVWGJG5kLvnRQ,2
YBdeb4-1LkozrQ4PEQH8NA,2
ay_keUX2vPtXLclQ6k6jfA,0
uhjnRl03lPCMxP_JkxlSzg,5
gOuhdx3bVEYGocqLATAIGQ,3
cDi6nfgEgxSt22FVOGONhw,3
X-aAz5sRDrRRYVRWx5iimg,2
KBbNDKRSF7KOGoJ2Ip1WZQ,3
v3mxqlBg1gdsx7XVgFA1XQ,4
yyP5Ebdx_VmJmpuYpGbH_Q,0
WVv_Aq66ZWnvqhqgrRRz1A,0
YlJJz7h3KVJcBpR6vp51zg,2
X_s9yDJOBjRVwk_8uBOGww,2
xGbRDZKdywBMXHNYnDanHg,2
s_H7V55b2Kkz5rdZ2WbWIg,5
5OOaThvaiNoXIv65MrQ9bQ,3
_K41OnUgYSoRINEoUsAdeg,5
Dqh8m5HdplXXdsLkx5MqYA,5
5oXjYLUhAS9IqxfRwFbfUA,5
cieLLZHmWfGSdrquiaiytA,1
_Br6y6CbatpQpXsLv4M_sA,5
zkJAZC9lgf1sXq_mKvz-FQ,2
3-LMPWioky6rI9MzyBTZWg,5
PQg4PwQ-shzih-lo4KlUJw,3
020SwBboDhWPA-bHyLR0vg,4
CcNKrz794Ea6TPdXefC3bQ,3
7FQy6Ndb4KXRLe0sI504AQ,4
g9pI-jqHVJqzro_A5guURQ,3
PhfbNMQm7sIXFaAlgPJC2A,2
dgw4fK7Meoz8WLzxUJIz_Q,0
cXa_wdpFQd0nkyXA2k-Hfw,2
P0YiXl8UOt7J5Ff984RlTw,3
7vivaxUu8wOA8IJRXtx-iA,2
sClZRCHXz6sau42bz9oZvQ,0
Sr4Q-2ystuZcW-4d27N8lA,0
XmEEYWrL4dNq52FdlZL97Q,1
Sg_1jMwumPOeHNBnERuv2Q,5
vNrDAn69aDoKWuiCMKA2Wg,5
PI2j_u4kRo_elJkuGS2Bqg,1
O4ynh2uG2XipvsSB8vQMbg,3
mwwfX89L5g9q26ZlbtN9yA,2
5JoDXhpWkqjRgvnlpKrLRw,4
SBN1KxdhIQfrNzizSTdLxA,2
Kb45k_XQiTIgR70ZVBYVfQ,2
_FpEPCqlNRLDUYzWIEFJuw,0
2wlTLLqYa-DbTlrDxicWSA,3
Aq9HWOqnuxvqfExaTHR5Xg,5
nWXbhRL_lj_iwa1l-y6Dlw,3
qbY78S3c8xLg1wtNC-sGkg,4
8uLiio2c3Y1FQ4xmVS-ejg,5
eS13UsH9vYS_0_ah1clQmA,0
EBsYYrWUSM-GfVzmNYCk1Q,3
WgKAlVk92B9oa6eLHcXgJw,5
mNHO6Qppn5QXKI8z1Vh01A,0
y3d57hrdEYbJBxTPtM8j9Q,2
fhnNvrsufjxGHbnUveshuA,5
dNJvg0bpR9K_Jy60gkl94w,1
C3MUPh0wIOt_mICDMwQLKQ,1
Ne-UJLhkn7vtwQvlP3UXxA,3
vrmqQgeidzHYx4B5Svuqgw,3
9NJTzA_nmAiKPmP2VuTL3A,2
vkmNvYigeDIrjrVYCFMqOA,5
xzkRbYGVb-WmJ8jwBZoKag,4
ifpW-zDb43QfBMvtBI_MnA,2
jeO2sSf1amlcc3osUL77Sw,1
rawe7SvbugeqJl14zqThhQ,0
UmeowEaA0KN9wPisrzZSIA,1
pn-YJEqtCXsGLi_qQWoMcQ,0
7ykqNP8vX2Oq5adJAD5EkA,5
AeB6OKnwNGKajQcKYw1d9w,3
cIdsZvH3PFhtN__NIMpa-g,4
Af6Jnf8F5xBliuixStWF8g,1
GbngiTN1iYdN4MkNnxoXcQ,3
PDsizZabkBSD0NMSepoiJQ,1
BiPUlb_SVNoCBG--LrIKSQ,3
JYy69feKY5KL63BxhLTXsw,3
dgOxSHxDEUbvCPQo2Hho-A,2
DFXVDpt6vbpz_zfkqh4RFg,5
1_J0CN1S2jXYSjWrwkJH3A,2
LdigQwPWVVvhw7WqseX28A,1
vvAjk2y2IlrjKaX9QJ959w,0
QJmlOpjwwDO9pmmDZQRWdg,3
i0rHd-AKZ9FrEXIPCl5yZw,2
r6TNo0cv_oQ4aRPFm0EYOg,1
FzZd9YnbP1UQzNx0JKu8_A,4
xfF1-E73A4uh4DGxjU7FBQ,5
iG7mqKz2lTZPtpkdB-0CnA,2
IbU7ljiext-aCiJbsplgxg,4
1ElxUfhAr0sLdmHybQZazA,3
xqE1Gv8UFRDyBRur-NfeOA,2
fzOMgdizc5SqpiMnHGLjXA,3
xPX9-6_-0y4WUSK0NEJiTA,5
vzkYlKmKGTvie2hPy8TtXw,2
XuaKOjgIw-Jt6BRS2p7MrQ,0
3HrD4Ot8EXVTaIjD2TxUEA,4
bCk0s1-1d7powZxUnMrqxg,4
wOQFWoWcUfmUQhrxkWaABQ,2
OydkLqVHKbR94bvVb70sSw,5
MHYLSm0g2t5cmXgSVkipSg,5
Koq6loLHQDLDCrjGd85cpA,2
AnvpVgHIqf2_AXT0HlaU0g,1
XA1BkbjRONOerZk650q_RQ,2
UroofmmeGWB82y_f7yIv1w,1
4EyaROnW3ZQQbrGOquWrlQ,2
1FXcob1zKBGe-31BGWjW1A,2
mPfxfvGiPN8ZCXUwC-MMbQ,1
egiTqrJvswKNzICj063x4w,1
BTR6vEWAIosklcAfF-25Xw,3
CFeqGBvmJKExr_DrKi7r2g,3
lHeGdeqIy86sDSsLixuilQ,1
V2xFibioTCa3wgh6bgnY-A,3
Ja4IUKYZUcaKPJD2rOXCvQ,2
eDD0W__-CaYsGTx_n61-8A,3
RyPBdHRXVeD2U3MRsaeCTw,3
RkrBJgfq4giKzEObwCEF2A,4
wNFKCFor0xqhC-xCMCvsBw,0
Yf7TLYIf98J9rJA-LjYOpA,1
xksrfukoG8hCrE_II_OQ8w,1
VfuknqlxnD0sa1-hpmsHfQ,3
ZowkVDoH_JPMUIQ0mfoUyA,3
5T6KVY7-dsgMYTP13JJZDQ,3
eYkVjpPrMaRVrqWQbQRmYA,2
7YS6BavaQXhV3sFbsjHtbg,1
mh6fDq8KnHjikLmIHDMcdw,5
gtHMQZCLu2m1OfMs_AuDjQ,4
oNekufUg5rLdIRWBM_RyYg,5
Uszwd-8YaWjxgzVzlJJUww,4
jXRrPrmxELLa_Iw2NnPaow,1
y1w59nEzTYnVTcW9FqPJ8g,4
93rLMdzFtTkoAqb3uW72lw,3
DEvfMF5AIrrqLy-0zX_6qg,2
MD4C9BH90qM9t54mNvxyaw,5
9Z-eFbd_kn9ZlEEKgKuVow,0
eK0sWuTQ5X2OcXuP6DCsNg,0
K0ea_C3v8I26h_BeqDEgYw,2
q4FoEHsKhtkw_FlXwv-bJA,2
ldiBMBoWDGNNZnqRSIX-hA,1
_MOFuZH-uHlLjbHJ81PEcw,2
p8020mEJHhKjqe8x5QyOEQ,2
nukzAsyjQOcYRSz08rtyKA,1
SvhBSk31oy-Uhmldq2Pg-A,4
71Ato3U3TgCLo9CGY2xDbw,1
Wb7icYmxWSGpVnOqCD0_Cw,0
4f0d1Z2LoTlt03MKfoVKwg,4
RZaxOvNqUIiJQ_PjrZCxaw,4
_JrZOPVhGe6zxERb5sEsng,4
7UWHowWtiPnBB19IV2sLMQ,3
WNRCsHaj6rByNFVAZxDrcQ,2
NetsGNKAGii0tYfDECOQ_A,4
C9GqbRU7zmHQCMYZhBfFHg,0
7FaMBBfthvv9eNedUy-xCA,2
oxBD44lOIudtn136s15KoA,4
lgAgzNndW-SgfX-kkG2TMw,2
w2LgGh-9laVsL5llFxbcog,2
34QYS8SZY7vR0LIo5pyatw,2
I-wpeTBdVZQIr92CXMbA3A,1
14brCdCkdiRgYtGvWybviA,3
tYu6NIRR72wUQozIFVq8tg,0
hdaSpjMetDJCIki2MyBL3A,1
zOq4Fd7lMNf3S0gP7kGASw,4
fZ_avGBv_RJv5-r8h3kPzQ,2
a4ApQ8D5rbbhKvGZUD21aQ,5
wYJq8QoP7rCTf9FJcKVKFw,1
IUU7FexTLboZuO60Ss9nEQ,5
5bRwO3mtsd4mh2efK3AsOQ,5
4dnqux0TzgUBc6B_I9lH3g,1
w8ToB485gGrWNbVMlsgjdA,4
rXZ77vgs0HRzWr0Cu-Qu4A,5
o3W7oY2W47LUqeJl3qsyOg,3
fxtOS9zoEAAl8jkSCfASXw,5
YKYGRp3LpsY1gP-WOh6c_Q,3
V8tg4Oo0qK0kQE7Bpr2liw,5
CMPat5c0TfI-ONFFCpcJvA,1
Hc5-RDzY8FMbxnPOivoNJQ,4
tqjlGSw0reCsDincYzCKjQ,0
pMb87-J26UJh2BuuqDFyLA,3
2qs6smL93-vZy76GsVKEEw,3
gztjqxj9jGyVau6cVW_-Aw,5
9_wfCKsC86yWr-h_prQ7XA,5
8AQfCvHgfrC6wDkVtX0u1w,4
tqAhAWYkYwEnfhaxiXS_Pg,0
Oh6Pl8hbMTmOiqH6yWpfDA,1
v2ZFP0zjwrkmGGKDRNu_0w,0
3hBQ_8piJMGC5Rqt7d8vMA,5
iRTJ_H6cnzuAOIfpLnEYSg,4
Lif8fBlUNuc1NEEwYaj5CQ,3
zj4UJ3GNahkdERtHpL5FUQ,5
-DKkekHJKBoGk6SYitPWUA,5
U402LimeYLU58A9Nz9NOoQ,0
O00K8ZVmR0e_-NZZPUxKKw,5
7-jOtQk_BsAlxOhBJN9yrA,1
jJSkcBUf3MDC3rcZXt3saA,0
u65nnF7aYnoG5mYK6MODbQ,3
r7_NolyNgogxEmHnICEbsQ,1
o2U0507DkbV6pH-7ers2Vw,2
MlOl8cL3pZqcdxNsPR2Xjg,1
CUskL4j-JD748hcNGaA31Q,1
6hw7Pb7SVXfecBmCicoUEA,0
fC8l-QKswk9E_BtOs99hUQ,3
wSCbq3HErAUh-dd21Cfgog,5
UaUgZ8pZbryXfMGjriAKVQ,1
avmsoZSp45LTgE2yBYwTVA,0
_e6FUNzXWDUfr4vbnilR-A,3
6dpam4MSoLyLM5jMeKjYcQ,0
JLjth-cWUDS1-_YSnTPovw,2
dXXlD4Yjx_lIWoNaPwORhA,3
l8B3hL0y3xbHOknCduDBjQ,3
DZYU6yP_Yq8UuD7OXEuT8g,3
E0LHepKIVvRE0VkllrQxUA,0
llvNAT5gWbN3ETaO4NGp_g,0
4Otg9Bn2L3IwCJFgRSgvQw,3
lGz_36U6oY9ZujGpQrnldg,2
6lISaBZd6e6XfvWTiVAe-w,2
kYoZPQqyHqaNfvjkFTtDTw,1
qcKH2p-kwUdJUrj2qzlmxg,5
eh09N0Ll0vZn-MnyYSkoLg,2
EsYGafi4Zb8xKwQ4rebEqw,3
lt42Q7jYb9eesFfdfGJ6_Q,2
PtxES7W2ju2JMMRYze1Zbw,4
9KoIhcTes-5TpMrAFhUnRw,2
lazcjeYXE_fBg52N9Zk79w,1
6Lz8FA_L9sJzsU9FjCrJXQ,1
iycKtxO8zWfnR0QX2OZpJA,0
DsXFitEeOjJuLHa_yB4oAQ,0
5gccEyS3XF1RFleMDdPcFg,2
jh3jT25Bx-YjxGV0yqG7Iw,0
CGgp1j_IAdhT8MMmXlcNBw,0
dLAeinzobHvIPZTpOeIvrQ,1
cuL9KNkf5jkGifDpzIDHyQ,1
dljwTYB1Z5kbnhkIVLScaQ,1
2o2Sg8ROuviWY6yljXMhZw,1
3lbQn1nS-JCsYzu5UtnydA,5
hnc3ePDOCBRFB90CKqPd0Q,1
Egxq6iJTNlrlhFj15Wwh5w,2
cz-Kz6kfE_8Y6QlQ4eikiQ,0
pZkx3WsVkIyEyfoostPtkA,0
CuR9PQr_UtV28_y_eWMhiA,3
jI5pJhpLvwk5tzPZHKmIvw,1
pOwkMPaC_EqaXHwsZwRVgg,0
vYxi5aU5BCj0LFyiUh-OHg,3
Sc0_PH4B1Gv6dYgQOJEQig,4
nNPnQRz9qKX8qzKs-bMy4Q,4
onuly9nbHNFYZ2vXm4k4mg,2
KLEzeVBtUNgutaZ18jq4DQ,1
yXdkMlDtzRwkC-lbYpZHOA,4
5nto7M63mk2OUUrw0-n2VA,1
Nlj03ys9JDB0gRW8p7OzXQ,5
QTGwTTYELaxpl8vADmkdXA,0
N4pJ3HC2PntDp2x1cDtqiQ,4
I-aI4VQj5-2UtBckYylGrQ,1
xMe-CtdBFfwB8XggldtYQQ,2
l1hp00QH3y0Hz-vdLCKJaA,0
gNwEl3flGUfdl3QWcNog1Q,0
mJ5wEbGQrk3cEVRAhetBqQ,1
9RsYehK49zE_VrCwqHOg2w,4
_XQ4eOSCRX8hSu9_Sv2oXw,2
tAHIPuVfftUVY1cCvlnCcw,4
66Czr9QE4VntHzrgX_nK6g,4
a6IpOVOQfpcqpefVPT9MUw,0
cH6_1dYazfklP2UJu5wmQQ,4
R2giYMgm2aMm-YbxsgOIQQ,3
sp9nQobyD20BjyWk9UfVTg,2
mY0FbG14JhYot_XclpMojA,0
FQa4IJ94nqMUJ5uPWIGVTA,2
EBLzJBWjkWYywTWvXWmdoQ,1
hQ5xhtBDIEiwXtJcEOp6uQ,0
SW9v0fZXNG54Hh9dsBGaOw,1
zxi60_0ygDVWVFPGGfjgVg,3
EzMQiNueUq3cRAUwIm6F8w,3
d70iF4JTt7SZK34ZaRScQA,2
FNbQGJuNQQymhUGR8NVxww,3
tjf7Eibr3Yy4XwlJI0nZHA,4
_A-hfy0DqZCtHRbF6Jx_lw,3
iHJFV6se6p6V--XVtP6-fw,2
FWSvghLaP-rH7DB0AlPPUQ,4
yJ84PvYmMC7VFhxUWp2HEA,0
wGINlUBsJToqCwJEwTYjuA,5
86svk-Y7MUIrh8zh-Yq4Fw,5
xukgVANuFLqptNEVSqDQhw,3
-150b_f3o3BNdrP-WJ2viw,1
KUdtYHCwcKipNHJED_oOxA,3
Ufw1JzLa7KAFXmNxc8hvgg,2
XDjtQfsholynhlRLPKDNBA,0
O0lMLw-8yEEWN1D6VObb_w,0
iolAuNQN3VJ_1Firzvm5BA,3
3nbC7hqsAU4IND_vQ95H1g,5
d5jb7UiDmZpdIh_HttzUWQ,4
3vaqXJMJP59U1SfmfvPnpg,5
M8fBkaMe6RJI9fXhLoreKA,3
xfM-g1c6anVYtdSclbUmWA,4
aF-U3ypf6mClUlpDBtXyoQ,4
IJFrTO7JcsgwmQ8XwjbNgw,1
ukGsVU8ONs3iJ28OJ9s1mw,4
kr7ms4IRiwROvnWTxF5U1A,2
ckT7lgAV7QKAHmH6JGLfmQ,5
B7WR9X7TThogZIfwhkUTZw,0
6Po3xBuw3VaLsU_hlBtLQw,1
iykpKio6UI1UUewmQdyCrw,0
VZklCqla8Fs5BKkXbE4LQQ,3
Y9NaTWA1n_2IUhG3DLBIsg,0
aQYCAMVGOfaJV6t0vCfKZg,1
J29khZ2awECAQo9g6B_01Q,0
5YTRAG_qfM9dpc-KiJDmfA,3
Mip1kLa0UtJJnbAFtAwOqg,4
Mnm9ZK6hRA5Y2yfcoYZ9Sg,3
eqbNAccWdsJTcCry1Ar9-w,1
_0Ou070PbUKDUrQ0Fjt6pw,4
BhNdWE1Oh307Z3AKMlQcfQ,1
E3JmipwBKF3NLEz9lgi9Xw,3
yemWFSJZgw0AmFjVMtUr_g,2
1aJlZYliLZkiHYUXYQUpDQ,4
y2xrSSvHCq2ZyzJJwSCXEg,3
2Kl3Skb_iqoI4aa1dPe5Dg,2
XCcMzIDarPsq2B46mG2QpQ,0
4r9OPiJqTbcbLwji_hmbxg,0
6SMWpdzwn8isppZWhftv_A,3
xk800FEmgZomO47xkAv0KQ,4
Ykp5Xd6ZRDOHbsRbxCnX5g,2
CBYNhW-5Ew_5IMxwfoFg-Q,5
inYGqx5J00GTK3Wx1dQ-9Q,4
4q-nXaHQdysEW9ctt3woVg,2
mnqbOPyFOj-PrJkvpOEA5g,0
b94sj0ccWFJncfEaL8nQuQ,5
girqnDFLXYOjmZc4R7G76w,2
lbNSeYmYbWtj2_3TrAECMg,1
44oaoOV1qRaM2QnYp8rFnA,4
euSy1UiCZ0yWTfEdvZRhEQ,1
59g4k4twbp_okONe6FZW5w,0
RTGYKlt7FlvmH_gnEo2E3A,0
4Yr7wxVzXZ4pJ4KxfeydBw,0
pQ5Bj6CS3USn_Yog790yLg,4
pkC_90i7JvRFp05mOJitWQ,2
4XeOuvBOkOkti2R5wmnyyg,2
CpiAhed3MCtxzJ5z3pQrgQ,4
v68PLdAIhobriLecg_euKQ,1
4HXuQbxfTch3veYvoQl5rA,4
fUAyPDXMmSG8FlOhiLX_sQ,2
_EBe4KAlzsloTA8xyMzHHA,2
FhuC89-vGlTyXlWYJQk9vg,0
gZKHQqLnCcWxqytCTodImg,4
C9JVpdljOuVXyU_6mH4RBA,4
LBOEO_0v34RfXqgyZHvBjA,3
opoxRpWBykdmbsor1t5hBA,0
TgwNgrfj020Q0Wc3LeV0sA,1
uyHDPXkvQsfURgekxJpBpA,5
h4DaA6NO_sfdti91Ye4kow,4
m4NqEcWMng-3XL6M24JTGA,3
6r-hvhGas6E2rc5o_DiiwQ,3
dqieuZng3Hjb8Eegk6vi5w,1
v258QCKvTDFJI3y5z-P5bA,3
f0Hi85gO5LBqsKPUWU1blA,0
3hhxezs6Cxt0MOSrWIJu1A,5
xiZXBzbbruzWKfg_OsOM_w,1
_e4fFYx94U1T6DNcdDeU5w,5
6Jj6pBRRSFiPbEwa1mVXqQ,3
qSeT6pscI5Zt_BFg2aUYjQ,5
5l-0aHhK58MRhDfGmU96AA,4
qcDyX4cQeqRmK08Ozhk30A,3
XtZyAzv8MLMD4L_x3FvapA,5
JJXsV73D0Knnh81IYDTuWg,1
8ni_WJnGWmJ19ggsX12IBw,3
sIN4ndab3BCg6EK7Nu-rRw,4
fqZIT0obJ4u_o6ICCHwT3A,0
Y4Pu1jCbO8igOK1jAWTKgQ,4
eVyhR0-DQYohcn3TvYOazw,2
wNvoSFRAH0bUjiAxALvo5A,4
E0p3CcPehyGvT5TpJQeouA,4
K1XPXAAvXVZufMhtI1JMnw,3
OlH7ofP1j58uhmkLZJrZaQ,5
uq0hTxNUVTFMwj5580X53w,2
El4D0iuqAAnLjpAVN4VssA,1
yuwbV4vtYheZBW4gMDLxgQ,1
fpdnDdssb4k36MZ6XkUO9g,2
90CXb8MY7begKcHgosdlwA,4
oftK0ATquBo4pdst1-BBBA,2
oPjljyAb0CpI2Af-GxHOzw,1
goGPMpwFFdlHngmOoA9f9w,5
I6ObHh2U-ICXKd3155fTdQ,2
eFVyN4USt9tudNGY37QFfg,4
juCcewiqJ4GNXVR6nJMJcA,5
PlLndvzVOIzggOCj_3clKA,3
9pqVcIbL-9VK3iX812zKYQ,4
stidEi_j6XAw-xJrqBgarA,5
zyvJXRTQoLouYzMdt7eq8A,5
qkcfR3mWeOTJi1P7toAnjQ,2
B1wx_u10ool_-0rYd-g09g,2
eMP0NBs7FMYcksi6XviM7Q,3
fhm6u_v-j4EozBWPGgxOQA,0
qvEh5o_-xTJBOSMyEL7egg,5
b_TLNyNRhGb48gIBXoAGLg,5
Qm6okMKrKVadbF9qGvcpeA,0
_I3EHDY2yqa2btLyJ7rzkg,1
W7On7CK4P-H9i45i_RAUXg,1
mu1Xgs5h-WjSrqLHmDMPPA,4
Jzr10P7hQjwa8bxKK_EKLg,3
jWZlO0lp7iCcNFuMCzPSrg,2
tNR-mxN7dONHWhr0xF9Wmw,3
7IvQMhrPbRV-f8EbRZRCPQ,2
-QH2Haw5k0V1vL04B4CpVA,4
xheigdh0WPoshzxwEgbJKA,5
zUazoW-bQqAZ1LpJAZSG0Q,5
uNZxLK7dGPO5Fmpvp5nCfQ,4
iCPQy3YfY4wgMuH5X2lf3A,3
z7V_Rgx-uGgyrDRarRH4Jw,4
kEjN6LP91b5r_t0EKabWig,1
CAkgfdvdCn4KUo03kMk9Mg,2
hYrT2iX6CGjy90f1hZg3Zw,0
rvLkjT_Ev0T-tSpP8Pb9FQ,2
JaF9OleMF9tPz52GCovlTg,5
sle3NtSVH6n9uvgdkak7IQ,1
uMjozuQAhR-MEYBu908g1w,2
m_F0JMZKoD0dx9KDj5sYKg,4
UzY93BNqHPTMo5l-CL8ARw,2
hHzzNXrpdM2h0EXqeGDSIg,4
S9ej_8SgG_Eg3z2tDVpuyA,3
VetgHhYpX_mAnnWFW_oNng,5
FFUxQ1RCQgFBhWhScVYBQQ,0
fqRhYGFZ94r3J-xPvJjSzA,3
DTQYJ3Ma-nePJ47PX1N4Lw,1
yJqJWl00TsVHZo2qoF-Q9A,2
kim6oCWOlzH40ao2uR7hzg,2
5ER67p87CZ7Gwe4JOQ_sfQ,3
b7TNNG28KBqCrtNr_C0eqQ,0
sn4Gn-fL8QtIuxE90wt5WQ,2
jFVIOVffPCheJ9xI9ir7eA,2
q4BBwbNB-YmYVoSsBamnDQ,3
P4rpsvPovb4WBfxAbld6Yg,5
R9865JpUO9WMQ0A06exgig,4
1YJdGDnOYffnywykb74plw,2
ieX_AUwBJw3tgPwcg_jSPg,1
ObhtPzmeQXopk73zfZ-HDw,0
LJxkQ8jXViERv0AMTHNhoA,0
qsuhEPJfD4GmuWdeQzB8bQ,0
cUXLN3Mmpnu2GY462zV3Ng,4
6G-_yJC1Kq3LROxRVX_eEA,1
bjk3FApPULJp7NslrtOYoA,5
STrCj5w3Hd1-z3bjDHaPCA,1
gi_V6yb_6bGH6nWNFV1YXA,1
i65s9DcFtjnNefNwweLg8g,1
PHExQTTXjsQVWfLNf_xsWA,2
dRUHMfEDrBKGzzMCy-RSag,4
srARMytb9Fzwlk7V5tzyYg,0
Jqu8klSZBStXcyFQWm3RWQ,3
kBQj_RY6dcTiv-L_SyhQJg,1
qab6GDoNC0jUjq97d3kPDQ,2
83p_n1HcEIbfJuR1DuUC0A,0
zxUumI21U5oyiq6LKWQNQg,0
mqFyRznUT1nQ4YaTb58uRA,2
pBtoIz5jKe_gCyoGrAVsuQ,4
ksG0vyOVQBUU2Y7vgaR3oA,4
nN8LZLtNyaSyJA_WHKvreg,0
Id_JtZCqcsbvD7LKUumQZQ,1
DQZ_M53lah-E5oTxUroMpA,5
zhS5eSZkPdTcsT7zpBcgOA,0
YbSg9VAAuAEZzszEsdxIng,2
vcFPd-kLHrMP6zRl9XRbTw,2
JJVE0gjF7FzvJ-eWeq-3Pg,3
nitxesZB5LhFVTg911ErsQ,2
rBcQMHHHhkzg5ZYbJee1ew,0
D5Ku_E24MQZvklwX4cmpzg,0
AGEUWTYDDj7_F20Wh2i4rQ,5
UO8133IlyiOli27BzLCaJg,4
xSQqkWmJrcqvSl8zI7M46A,4
OqpuGdJSGCW7aK0VF5IGOw,3
kBlXNsqCUlavA3oeY9Z2gg,1
J5xgqruvjRjRMOBuRsmobA,1
UFmnQgOUaNi7ZD8RFtENag,1
VGh0RPVvI_FnWL2f34McwQ,5
dKu2MKk8d3WcG0UGjo2e0A,1
Vsj33jsgbrVQduFdu0xcjg,0
ghKvb4nPRY0mXrI_emGoiw,4
fOESmIgCkhtcOrYq7kYvqA,4
sLkptb0QrkqFh2N_IgVptg,4
NK20yfQPcXKKC80jcoayhw,1
Qmjmw3Sc5XzwHMPxZ9uoyw,2
RmK-E71DTWItQiEHj6wVqA,0
xhc2xZl6EjYq4f7OQOqlCA,4
lbPAhhah_TPUnlMNfWLNyw,3
jOuLOzPKjizP2wdzLEMaIw,5
VSr_eFVT-KV7HSGJC5h7VQ,5
ZrX-UvWzwe32bYJva-hSvQ,1
9u1VbLkjFgpdaLvDZxOakQ,1
tG3kDiCbCg42HCgeF48csA,2
qfFWZ28srKQaz_oReEI0TA,5
p5MLWz5dIEaMiHmZHqCfeA,2
gzUr9EJdPT7F7147nShXFA,1
G_4t5LB3ZPmxQfF9XG-nGg,4
NB49vwtP8esq3ys49MThKA,4
psWofhwIJOtuJ49aP0Z88w,0
MHosGstmoIxev1Xb43RtKA,1
30CICcuhxXVCexqwEaTYtg,4
FEJ8plJnxi4NFfgIeKPEbA,4
ecY4hM-YtfJzM6PPLUiaaQ,4
2f5r6PQMp7kVrVWEdbD8DQ,5
-27f_EnoYv84hLSxuc2j1g,3
W5P4MBsA6yhi5FrE2CzltA,3
AE5C5IyOJT7j7wo4_1KznA,3
soctrgoyNY5RkK_PF6j48w,3
PQTv9ydfNMPJLKCjCQkpwg,0
IbiloSxJk75QZ__CCsHeaA,3
KyiP2viqNRhCehKFx5MdJA,2
eIHZO2Xm7KN4n6mPWLnLTQ,0
OUlQPelY6hluXyB4brD_ag,3
MHeWTXSSsTtBHGEIlv587w,1
pPckReyileFpFNBziOQtYQ,0
4rWy2lInGhaKDNOyDjEQ5w,2
UEoOvM11Q1grTFZFefa97A,0
4Ap_LifsZSvGlbps-kwdtQ,3
q3ylD5UZzHr5RCr0UCJ5Cw,3
NUI_kU7fsoI93Dmsf3pk3w,1
ggXVpl5thhMu41tQNrsW8g,2
VDkqBpD56edJYmsWGNIGQQ,1
WhTLdUxl8pz5yTdOy-YhRg,0
zHY9aSho3M3RbB4DMVNNrQ,0
in8IHr1uU6AExuxwGqfW8w,0
qQ2LdiWQLvqHkTPbc7atPQ,3
5XP0BKXMyC_SSu5AvdpNzA,2
0z5JTodWQ3mYZy4HI3F1TA,2
unLCrHTOesIZWmwEwJqEwA,0
EDZdj7CHDgOallGAPkn4sg,4
t15tvUHO3cM1UrWUeGiTzQ,3
ZGyHhMbL9MD0ETDqLma1kA,3
HV9ZGzWpaGMvpxsVk5S3FQ,5
i8-SqVqqtpN-8CW0CQFI9g,4
hYD0w6CNar2Gtolcc91FkA,2
pcMo9fppoLAXTF6JH4e3Vw,1
aiwn6K170ciz_RlaaCFRQw,0
h6TTFF9KUpMANtyhUjl1Iw,1
Y-CTHqsLDf3egYay_sBKKA,2
ldPm9rpbdUiFADtr9MPMIQ,4
qah3adEvp6UJ9MaZckcmBQ,5
f20z4lseTShO40kTRshSiw,2
43kUD559QhqCQz5m0j7YiQ,1
5AUMyN1karKmOHLauZLIog,3
Xu6xY38YCAiYLqSMpITKEQ,4
LrBenCFqb7wqHK09H1kKWw,0
LWA2-ckbW1z-yi0xNaT1RQ,1
Epj6nI_laQMPFaBNin9ARQ,0
-exJ0A6LCsZpvJjvFq9PvQ,4
WejyerAJfkELMKTNJUSidA,1
G4vWW9b06Szt6vro8WZm1g,5
wuhNRMHCAy2TuF9eL003Mw,0
eI8FZ3h3ENJ5kgD6-gMpQw,1
L6B7e9LfyIARoirP-UmVKw,5
LZFpKhL3VyNy1x7p4Lw64w,3
lLr0Wu3DTXQypxInddBeHQ,5
d-PJ-Xf6Xe-56G2HeaK1AA,2
A4883KWFu1eePr1ulus4oA,3
Z9OqQjMbwMeBGYARQMgqvQ,1
_sOvoHTj10i5dssimIBbUw,4
foUVEFcIOEIjWGngJg5-tw,2
g55J4p4CyJkm4i_GgWLlbw,2
y5KT8HP-IjvlLJmCjwwbCQ,1
PL20QC7yfseBxI5rYY8ZGA,4
hphv9StC52yowITKNXF5wQ,3
Z7LE2m5tYQTaE9kHJQ59bA,2
oHLulTrioqNFOmZCFJE6Qg,4
Izm_1K-qpV1hWdJNjWlnsg,2
nk-myFXEVygFDrUgDSfz-Q,4
35E3xpuFFfIjq2eYzt60Vg,5
YpJJwtZWAxUVj1tbtbicXw,1
_WzE2Wi_apGxIjnnijUwaA,4
A9spQAVK_UNrhkwDbAe7CA,1
H9K37VX93B0wKIqNvfiMTQ,3
KI4qJ5bow7g-CF3y6GidGQ,4
ydCADnLbRYPSgokD5LhP-g,4
pluqfeLo_8KQBteyP3EMQg,3
KG2Moqk7feUsK4wakw4hnA,4
W-S2Z28IafFYGqMNOv8D0A,2
95Zx8s5MF8qchvNEoUJvDg,4
PZNWbbnFzT0zMNbLgjAxWw,4
XDvZtx2PYJskfnoblqIp7w,3
xCV_PbAdHAsLET5dvqHY9Q,0
cq9IqFF0Hv9Nr_Ea8NSQfg,4
gBRSfdtWzl7A1eDqGqpsIg,4
zqi8k9XIFqjduJQhqzV4fA,3
QzurCstPGSZrW1elqXBEvA,5
neHyEXa7lT-cky54kdvmGA,3
NtBKaXMJxwo6XI5bkyCYcg,3
5_KHB6J3rtG3FjuH16DjkA,5
1rfPJeHJqemmnkfOMIUKsA,0
oDA6jHg1MNzKX5ZrZ3Lh8g,2
RiXvBBsS9rH3c8tknHTZ3Q,3
loh0f8CCdc-IxrjaxPeFvQ,3
fh3CDHHkIQIFL2pcsL87zQ,2
t9vqH88fmPOzxFg9satLkQ,0
fYnRzud-bRR3cBWGc5bUIw,5
pqexo-ly-ktekuM-f12bHQ,1
lCJp0hJ5IEuGdckmkFsipg,2
ww7C3ura223ohf-UuuvsIw,1
APwelvIHnJADPAto_u51ZA,0
5KigXgOA9xKlzEmkUG3AZg,2
BC0_ggYKu9vzr9P5Y0ReTQ,3
yvUH8j6rQIOx97l9iLw_Dg,4
5ivedROQ6QSucR9kp0TBwA,0
sAZYvLQGCcc4CukfzoqPYw,0
AhWU27OUCMmiBPNlTpKp9Q,1
EaOYFjUi6YAoeUKkXSF4sw,2
eokqokgPj_8wOLihR6EU8g,4
9Gvfha0CSltQ7ogWtp9kUg,4
AGoXaMwiRYF06I4SiCZBwA,3
0EEzMwIzgrij8Le-Epo0tA,5
vaSfh4503wk0jxXOD29OIQ,0
HwEBiNTLw0aiOTHu0DbxXQ,1
HPFm0SlvXSEVjUa-H0NjcQ,1
kgeWbAzYMLM2rQVwSA1PTw,0
0tqQkaf8_xgnQVPXMWsfHw,5
yjzgay1MhLwIGlJ78Laf1A,2
0dEBF-rc3PHn75xTp86JRQ,1
-BmkspZ1hYCAFAfChNXRjw,5
xGPbvthKaMxQmG4eWHuADw,0
Meh9sNDiBi4SdrdfwAdXqQ,2
QaRajf-ccJT1AOEOXcGvRg,2
VyzTNt130CJjK4H0BI4z0Q,5
IaHdls2vScDXsdDTndhlgA,5
Gg-X-aCli8i5sQTwaMxVpg,2
p8DKv96vzf2TF00O2Xv2Lw,5
O3Hq0sYE9SXuhvJZI5UMPA,2
YjsqIjwnU6eVs2ZfaFy2wA,4
DACZLiOP4cugPgB6lFJWcw,5
QrpUWDiPZtJK8756z3SIiA,1
NsWWbHbkCK_vuID2C7Xpbw,5
_x2ZUD1ggMAAa1KwNw5F8g,4
a-93occaHj_N06icI4aFXQ,4
nkGmRsgM8PF8nS0jHsQITg,1
EkB-0raiep-XCTV_BgbxTA,1
TblcEOevXaQHed8AXSQu_A,2
bOOnafz3SV-g1dlMuNOwAw,3
kGV3xUWvMEGun_YEzlvwtQ,1
mM_NJ9l8dhp_XtiWneg8SA,5
JKXPOIQfuDgVGXO_0RhViQ,2
X8V2Egx4Hu__pGE9mdWlLg,5
_ZHQtsYQVTQfz85huWmPCQ,0
1lDVUWweIF9u7Pt81rekXw,5
qWIATfAFcEyMP2rbigGKXw,1
UGQn_5WGtqsREk-3_ff2ow,2
sJkf6nmnN7jIAbo4QbOt2Q,3
MxhnKKpVFK2HaRY4BOL7_w,2
L54iFSsdTKcXwnOZtWZvwA,4
AmZ3z4UDlxPomiD_IwzIEw,5
LZP96tucGQO6BkSLr59kyQ,3
LXUMCY3ibN1J5I7CK_Um7Q,4
SkAl13W_ZeU__-wkmstkeQ,2
nGZgAYwhECH49rEHYkTRvA,2
kzRqVQ8YIjfnRLyjaVRVKg,2
hNxwF10dW5_17yvcGYilCg,1
NEMOWGKln27Xxy-hYkao7g,1
_4Qw7wbftIEnZTZDZge8Yg,4
nrhGMrFQV8Eyej8_W4p9uQ,3
vGxzxWxBHm9ItYl3EBTvDg,3
4lOIIUbLem-Cx4aACvNjug,1
SUU7LOq9tpgjQjKLQhPoRw,4
OAlYnjogDx-EXdggKczBJQ,1
zNG_qmKi7nuwaX575ocNBg,4
uRCfLYjdPbKihHp8kqEExQ,1
LKqRZp3EThHP3ETi4y2DaQ,2
ncw5DHbiNn1uqMRERFN85A,2
WRZQHcHS_YUusMyVtT-1gg,2
eXvzDPKVRuDDVZSroC4b3g,2
nk8IEsp6T8AZle05eVjmtA,4
my5DGyUvtXqdEI73NRPd6w,1
7WOgcuKLdk4N_Ptakj_SYw,5
__L2edPUQYEgUcPusKuEvA,2
NgVywHL0qErBPK4ryPS7uQ,2
qnXqWd2FK5_TCyctKLtVSw,5
5RcPBGL5zd9z8N-4iH8tKA,2
IOVhZdGuDT9_e0QZ8jYHLA,0
17p0lgIAa1lTrk1mP9q0Uw,3
6idMK55lR8g7RLuLyBquzQ,2
K0RjL76eFkH1dLfPKoZeRQ,4
NWoNZuHk67y5DPFIB5nvLg,4
8wpVNfgtQO3bud-HU0ciOA,3
n7a7qw_VcK0gNgH-zgJBWw,2
CfQc4SOyhs3Gc_NakEZVrw,3
Vks-64lIcZcLy1zBHX7UVA,3
7dY3Rjfm9BKRLzM7FJkBHw,1
fwsenQlDXmdiKzREqoBypw,4
erge0IM8e3MsNEef0C-7Rw,4
HqMx07tF3seFXlYFHWoyoQ,3
p8mlY-eFepT7To-0EQqbAA,3
dlQPvuhrEo8v_i9sIsQk4A,5
z0sbEkrBt4e0FYPS7v6C_Q,0
HNEoVtBG6uI7gBIWMsIPtg,3
dpm_Jzg7vyQWZUJCdSrnAw,5
G-1xvYp-44ULQJ4y6B-_jQ,1
YVrVBN9z1KnsNqd4HW3puQ,0
vjajD_VFidyn8Yo7ndoq9A,2
NnrVUnINRrCMxFiR-Bclqg,2
EnNCodVLWhxPEEglbJ1pqg,5
6GC7qIfQzNLFXK6UbFcnEg,3
3ETIgNTXxDgWtzCeYFNcjw,0
G3Ofwqs_NwGOZYxCrHMC9Q,1
jNKC8mBkweMUF0FLDXZt2g,2
X9oH0U3uqa5bTj65iirr9A,2
GXk7fVDLptxjh68M5dboXQ,1
GboVDHEFWza-TEEecETcVA,3
msFtWUrwFFajI67aOKmUrw,2
_67k_dYg23-W1eilrIpz2g,1
HvrSuBc_5jOSPlRPhCkmIg,4
WyQZCWhPSCclfTGkYIQ0TA,4
FoEnf38EwdCVoRV7j8jOhA,3
vS395CXSZwY5myxsjPwRng,0
CV9w9nsKS9ko-ig9XRXqvg,0
psSr1uQNuPI1TgHE6RIQsw,0
uiA6_alo4q6WFQwdrXAL-w,3
ZtY5cx2WiQlZxpAxcaFf2A,2
ut6uUseDhThyOwbHt9hsQg,5
x58Yy2QnKVnXvVBv6j3nng,1
fLPZZJqzLjwyurW0C43tbQ,1
s26SxnCcKuiJSDS73VAGSg,0
o2BVpRI_cZfH83JLQBpF3w,2
VVsvv0ul6tznmdFzCf3S9A,3
CVLBQzJpWzMTvcqbB62fQg,1
ybfCqqZ6RuclCSfoLudbuA,4
VSmcy1x84--Lv9RlwYCnUg,3
DfNpAypVtuhA0wvV8wddzA,3
1Tj06QjSeYdXFNahzLE6dw,4
RE3flbQMkx-JmL_CROliJA,1
00vhMZmBUAF2xpyAXcshog,2
B0-UksKALWDbQAo96HPS9w,3
7mPs0V5jVQPraAt_SwX8wQ,3
O1ZTa4pHnSUCozOhmSsStw,2
BqTtcnwytt7qOGbfL6Ns3A,5
boktuIxcYAuF5P3ag4cIng,5
EwW3TJqxQjf3XtAcTR6i1A,4
jYrARxindZADz7LxFGnF7g,3
SI2L5rVzvmFhic18nuUmSw,5
wx45-iHtST25GGFeZdiOJA,1
0V9uwW1PuUAZOPUZk-LZFQ,5
oY5GRoRaohY1a1OAj0IVVw,2
YEf2rug6VdsO6O4ih6we_A,2
devo2-0V7JoVquasKQFPCA,2
i_gigqMBNDvD1DugFSQreA,3
h2x_7s0WvgRUpyuKoYDSdg,2
BWD16FbZg0OeCIkcekkQUg,5
DdiSBoudPlxEc1tw-3Y49Q,0
Geo4utr_8IWSKjFHEPPTkQ,1
adysWt2c3Xwwu83yrEQEBw,4
EZWHqHzYkl0XOqy0SSPI7w,2
9GwElun7LMS98jSXK0yYyg,0
TAAf7WvVXNThAstDqmR8iw,1
J6UIvN9AxxszdeYNiKV-NQ,5
GISBQejww9114ntRunHIhA,5
SdP89vOcWvhIxcpq4ltn_Q,3
q7SSgBsO-uTPRIvZEZi2-g,3
nDPPwQcxIiEPesYGKCC3Jw,4
opVo6HTjme69pmghrhGA6A,5
NdMylPPyoIGAvZkaiNOYow,2
pOZ_Ymp2wWei5wDKcn45Vg,0
TF-XCa1fT-Sp5hIhsAkHyw,5
sUGzdXQPa-KIL0ocYtRoww,0
00nCgFhogsfAuafWrbYiIg,1
g1COxGrss_h4tV4C-oS25w,0
M1hrt5sS4nhAXsP_riBeXQ,4
SET62qdFVQrRwFql0thzpg,2
W4-FZR5uLhszcGXIB6A1VA,5
UvwqTRSBKbPZZxDABBvYlg,1
_t904Y4_caG6kWciICkRyA,3
XFVRSojZOeD6cGX04c606Q,5
LnPX03Tk_mIrOK_2LCLu5g,2
2G8Rz8WxFksopLx3ByGqmA,1
QgfWkxWJT5loF53NeOSeSA,1
kmjs9wjLzGUcqkupjqJf0A,2
LVaDw4Oq9ZYao8BgkNJNKA,1
AEwuUqMiCBKKgFDlsAXiVg,5
f4l6WQbO8Kx3imjpW4LJhw,4
6TIfh-JU7GquFTIynKPoNg,0
pe7Sb_zQ7WygPTEQZWZJtQ,2
YDGIqBVV6jZpk2pTE0BdFA,1
B5wJnO8lQzSPa4BGY8fu2A,5
hdg2EJsywrdr9UcDhuY4tg,2
XjCSGoe7GoVSN7tmtTaCFQ,1
95IroI0Y3pvBvo8N_GgF-w,1
V1MiaXdzSC5BttBBPVvq7A,4
Bv_ffJXvU2qZ8KEzR3J9kA,1
e92Au0vsMlPACUIQ-wuzDg,1
LaqzRqlZ_o6KXjW7QEJLoA,0
_rhHrhBDYNzbNihOCHSQ5Q,1
C3AkWk94HmYzu2d8JQXQjA,1
v_OKE4h2bBRta9WWbMU6yQ,0
AiK9na9ptnDJ2kH0q-SHYw,3
VKmpq8TvsCgkJeaUz1yJAQ,1
T3crlGbbTPjAYc--kZg0jQ,0
xmSP3uGu1b8-klskz19Wkw,0
IE8M64XVYwdoFvFRHs5ayg,5
3oicIHKU8OzAJvxRX6qNow,4
pqgxglqpfl5l8xBIsHALyw,4
I20XOU4SvQTMyE2latI_sw,1
vk51OiQ6fVaT252DEDsYjg,2
80P0JnakD8XMFslLBolNOQ,0
jqnz0aLLCfYvX95dq7sCEA,5
z96_BnbOhjI8h5_KBGU4CA,3
zAg_CJP8UnI0YLJ6rztHYg,2
sDzOV-2tcK2bFPzTBF-Krg,5
xkT0NHSpoutlqkdj33aipg,2
oAf66C3S_iXaw1aGfw80HQ,4
FcIJvQtGtDeEKg2BvgmSqg,2
2Ss7PZ6G6MikhXpGhqwZEA,3
ynlKxOi5g_-b3QAHaBWlow,3
jxHNLnXkLCv1PMiVaEVj3A,3
sWDUH4pznVOxp0_WM9tbmg,2
E3TRVym9NDJ4T0SO1q5fUg,4
8cSIhqLw3nRwoTVhUdy3SA,2
eEjuqum4aLCXkrvR0AlSbQ,5
LxclQ_HqupYb-jMCtIwIWg,2
UsbRVp8h9HYB85KS2H1Q1A,1
lTvUtv04fNopXhj1LMgLCQ,2
J0DzsU7dxDruEBopcUAO-Q,5
xquzq0PuJsxjefJUvbwdMA,5
JfSg9U91B4bokRh80M64jQ,2
JIaV0vKi_e95sQhWQ_gCag,2
bt_-7fGBRm1NiP9bKP7Xfg,3
2CZwUS7AnVKKy_K1zirphw,0
qT40AD1vVxwc73nhl-JQ2g,1
f28xvywIj87s3IldHNzoeg,3
WM3BV2_T0jjmIwHVclZkJw,2
J8ba4n6GJUI7d625aX927w,4
0Z3uLkC_YdRqydHqRNvk4Q,3
fM82XXareG_0KHbdpL6bqQ,2
KB3kN-yplIp_AdrI_gIR1Q,1
W6qRrr4A5IPuGeWWVuSe5Q,2
qJaVao8WTaWDYwhczRf0aQ,0
TaFUNhI3XxhyNTmoZ4NixA,3
EZpV3odYy-iXQ8wfA1O0_w,4
6u_CY4Ic-UlMHFmSxMAQew,1
XuOCEC4q3hGUKB8fSjB66Q,2
soF4pSQF5arX1-fugyoqpQ,4
TLvQMlg_oWrUB6fYCwGsng,2
0rJR3q0F8lrO7BXy1D0ymA,1
Afv8sIv8cGWkrBk9oqRcmQ,2
stdzGpp88J3DZA_1mv-EBw,3
ui8rrYPjnmvOgF7kOjdu-A,1
ukQoQgbW3ogeEHMkdLzbCg,2
YH7e0BW12_1L-jIcLormOg,3
z8kDhl2LIsTWdl39V6M96g,4
sGlnthxvi9ganf5wEMaFfQ,3
asHKdHX2SY9hi4xuZac2lw,2
5eeU8UMQENJfP1_sVf0rPA,2
y46QZlZTJc-TsXKAK4C4ww,2
QR7nQmbdELpw45VmX387DA,5
uYEYBGjQG2Z4d8x7HammAA,3
2F9Kl7dG7LGBA21J-njoZg,0
L-tF4mFRT6jUqKjiOtMgig,3
yN6dN12m3LT--XkGLGdtIg,5
CpFntHqhUIjrwLlcD4tIWw,0
wOT4VFLcVvqgpCqH6kAVVw,5
UkHmTDw5FGC_YeEG2wR4jw,3
O3sehw4SoUeuB-wWpG5Icg,5
hIV4PsKXG6RwwW1sux6z6w,5
PIquIEi4bhBSrlUxgZQGwQ,4
yK7wZ36dsfcPqh3b5f2MUQ,0
r0tMuFFjiDAUuJExQgoJkQ,4
eMNCM0OX5jCtmludYXXJBw,0
AgnwCEwM9E0AV2zgJfgbaA,3
B9bYqJ_OdD4g7q_vqGvrug,3
J-hKMaYHrkFfFboQRo3uEg,1
SY-1Be0U8g3AVyrYvW66TQ,4
qy_7i4RXodL2fCUIQ9QE0A,3
eFkiWVxkZ-_WRfPVWr2PRw,4
uSatsMgRaLBXydDsfhFljQ,3
JE-HYbMxlwp9aCKavXIjpQ,0
03HW17kNWCnVi4XG9p4uQw,4
l3dYELlq3eidxJQLlIr5UQ,4
RQNc-9tYjfdvUiKhVD9IHA,5
spPDvIibNBLdKE5eK-EYBA,4
j6daMSHcyWzktqIcZ-gHfw,5
s1ErwUVCz_JoiYa7az8IHQ,5
iCca4AbkduxM3iEcIzWF4w,1
9dIHf8BIcdm19gVQ2G-mSA,0
d8K_NIEdb7TH9sGejOwZKQ,0
pkGswdYmCaWCFOf4bQiSFg,4
hApTexMpmX3E5raJxgZsbA,2
YmEI17MArhvsZQ2lDbU1hQ,4
l-_VIVn5s-3ns0saZma38A,0
7vrGlAd-S3VTTzpYJL3rXg,1
5iYxMATOhh68pa_7pTwwhg,3
51r3UxRa2sLyL6GfVRvFsw,0
sooPLXEPPvcupI6FqSwJxg,0
v_axeThx0c4x3_5SZyJNrQ,5
DJjw4Dn8I6GshEwHMzQc8g,1
Zyvwo16YD8LkJIO35OWFKA,0
OqPQxaJVxtn_BPoMstjA8Q,0
lslHCjtl2NoriCziXeo11g,2
unVYJYP9_7K6MzHyIK95zQ,1
rcUuktRsxRcWM6pjm05v1g,0
UlYY9LJcQjTjtqI89PiwuQ,2
nG_tNE9W96WBJWaiSft14A,3
n8Uu-a3dQ1_xqBhVda4gHA,5
UbRcfhYVkFj4ZZJuCdk8BQ,2
ZuB5OW9kgyF73gNUrexg-w,0
wNXXBytB9edWtXGUBfaEeg,4
AZxqPDXFLGSCPmXeXX8kDg,3
kQcQKd51CgbjkKOkJMMJHQ,5
9adrCXUJ2n_fbfDb9_Uojw,0
8EEyhHuIdNrWT2drI5_6cg,3
SxxaPb4n2IZ1OjWvBfH4dA,2
isyHMiB2D2IJrxDoqyZCEw,1
QeLeDdvi779p-bFfCTQdfA,5
nRFjtQxSJRimiAobYU2EhQ,4
j7cE4lhQM09vfsDljpvo9w,3
ZWcfKniA10a9xm0uYOhj9g,1
-N7M4H5rLbBPCqJxdrJqFw,1
vEONE__JqILb_eveXKgg7A,4
fy_TczzoO5lmAdCRzFBoeA,3
9ZDEvWz2sN1-VXQczEcqGg,4
0TE5EmhoCFvByHLKVVehiQ,4
NL-26un9ZClxBpnF6pMAtA,5
J_RVfn9oG75mZbfz9Fuz8A,4
4gdGsXTP7EEnl5JGINTJig,1
89bAkoyRHpAtusr_WG9r_A,3
eyMOG420u_wjKQOj5ddgbA,5
gwx_3yZh1GBDyb003sIeHQ,2
wr194tHclmbVwAQDFKXdGQ,4
5EwFiXT12ZSwZygFI0bhgw,4
TKYvJZpvcp94N848jdwpeQ,4
jEihqkpyPXSMQB1oPxRXOA,4
F5bK3MeJjg2mdw-6t_P6fw,5
2pby4BTYVLJmhInLZdTCiw,5
uNOjR5DzYBvfp8rkonuUlQ,1
BwZg-LBswbi5T7cteleE8w,3
0VCubqbVqkAxbdia6mE-4Q,0
6Ug5PszXiL-r-JkEM_aypg,2
bB6sdQKJUyPglaqkMX-WCA,3
4MG6E3oxEJwsWqVIW-valQ,5
Sc3xmgR5VHvLL572l5o0yA,4
-7urGGMFVp8dWHn799iSFA,4
wW_On-ezUAFH3PdfTQWgZQ,0
fXBKX5UKYNdksglf5REjoQ,2
s9fkw1PlnNU5wz-Pgct88w,4
IwOuAZyoQEQ8vjj09f72og,4
VrXgeZP0dD4_uEn5CbP0ew,5
mmc3cSeluKz--pdstDNchA,3
BQfLwN1OW8aKqRzJbySUqA,2
vsvznnHNerpP4ER7tjcxRg,0
KFKUuGpaS7dQBNODhjSgHA,0
MUUNbkt2PaYCfyQo2V-rOw,4
zG66CTHWtYkC_qFMEmnThw,0
79CyUj9NScxXwJe6S6xrPA,0
aqrTG3H6FwhC1j4MG7DxBw,0
Dx2qqqSpbPsIpoxOY0hxmg,2
_sMnp3sLnrtFXogMGQjBKQ,3
R0YVDMRQ0AnmuWc9mbeGHg,2
Y1CMexEb1bynntTLNWU3Uw,2
klgUim4N0lK539Cy1ozzag,3
xhAP6Mkcalq5aNA4uuTfCg,4
bdvqnIukT4sBKHbcMUIQuA,4
MSLh96C7a7luIdNGezQxyw,1
3giD_YXL31sEveiBOWdrjw,3
qxLDJlchl1YmQoM9ph2w7g,2
mD9dVgnNc5sgOwI8NXByYQ,0
sMWcrA3P8JGQbz_qdPfuEA,1
JxdHtdU0uor4EPRHOdi6WA,3
IQ3kzWdzmj84ZjyWDWfg7Q,3
xiQ73zGxKIN8vQg6CrrMeQ,4
-6GFD0CfOitXMUDOG1rqaA,2
-mRewceZ97RvUf-IGPVRqQ,3
5bJpXGCzXKajIvSAr59f3Q,2
K6F7N9LJ_3aZ7GTWSKEK5A,5
qvcEOQ8AlZP_8X89FXHZbQ,5
L8oFjf5aEdY0mAYPM7uNLQ,4
qkk01KPZUMse2p_qQjQ-qg,0
upFX6Z4zKsTgzrmdZ8uibQ,4
tRsOGrds9gGJFOubqg7otA,0
QgySOVUWQVFvevv0Xe9WxQ,4
HTWZSIbnjI2Evwr6sfnAJw,0
vQMPdUxSov8p3q5fx3Ypqg,4
XoWl_q_N7BLd-DHfdDugNg,1
oGoNqk5VpBgz-lcZzw9y0A,5
6bs45gIBnG2rcOFlakV1qg,2
AXgD_NYD6FADl4oBV1hMog,0
CwA-QR1Gfwhk56AwUSzAKg,3
Ia4pI1J05cIW8I3sRLlBcQ,1
9p-t02amMIzJyctw6tdAUw,3
85mWGXN6Hb9JMpIZJ9JoFQ,4
a4cEYlHPCnov-shCGVTSZw,0
32D-u-DgEXiMy-Wxtu6eFQ,4
dtBnwdgi8suOoXc7_6AKdg,1
pXCJRvLUL7yb9_Bmlnn2-g,2
aJMuTDOJXgMZk2ULfvufkg,0
86sOLSX2qAOWM_SOIQbjGw,2
zhvoZvmjYLQ4N_fVC05w4A,2
ErnYl5PjQcR2PonRgaw9pA,1
dEATlJzzflbx8pfNpn0Yhg,2
qL2ad-iM4Eau256Mmv05IA,1
9Gi9wuDOkgk3B9tO28WuMA,3
yjORrxc_AsAXOBWerbLvDw,5
lq_rVLvy2IBhXR_8aV_ZBg,2
3NU96usQyjao6lLtzDhYlw,0
akaIpKtAKVfY2L-UnNoNcg,5
avEbFQ6kkYGC1SHFRAPXhg,1
xvr9NYAEcyq07n-_gzzBiw,0
58b4sLthFk5CjSiQl5hE4g,0
73aEcdgGak1aYX3g8G_0Jg,5
O61VzDQSP5q8Q7eQ2zNTXA,0
eO_W4GbFgPeft3VvPU0rvg,1
H2z_UkcFSYnfB3On5b3jkw,2
uoKFuHbx1b8cBiz6-UewOg,3
uNoi1w_amzUWGBwtHEeDXA,2
qiyDtopG1-3jkHFsTge_Iw,3
Wif3UWFAVWpa8TO8AxtKGQ,5
9k1CBU5-xFz922yKU_9IBQ,3
lI5Woym0w52gBWuYmKFbIw,0
oJvB_mtJ-qmof1bsga0BOA,5
K8t0DKeykUJqOGXoMDmlyw,4
SA9zZ0CjBTgfwmjVPXyEkA,4
ThubXVVHhCNUWDjMe6lnRw,4
wUo4TI1hkUOm1m-xXBIMbg,2
SuQcxS8cR4MxBEoHNYA-iQ,2
WkCP2OT1Bz1qaoGksNd_gA,5
08zjuCbBi8OkVKxyDGg--A,3
fyMkhT04eO8OpfI_hY6zjQ,2
Pwg57ZK5VaAlElxgbrtb1Q,0
pA44mB1FZXzHX8WgwycehQ,5
-1mEa_sL73ft0jydiJbRCw,2
CEE1PbEBwOsGUGyPz-X7gw,4
UIOnlRwZRFA1Wa-b4x025w,3
i5UwUPlQFPLcE8p2gPFwBw,1
tPJkjXNX_dx_6YHvQw1tHQ,0
YBC8qXwAJWnJUTsrbEnB6A,3
H1ezmVFZj8EH2w0rVHy4-w,3
Bqq4pHkyr87aaMsMH2CfSA,4
LYvtUMnGAh1DGHY0pDKU6w,0
LChQLGtV8l24Hpg0kRUz_Q,0
CBpbdl7d4XgoUl33oOfIeg,1
NuCwY1Je7EBX9g1DsAiINQ,2
fczirA7TipKh3YcUjRhB0w,1
CPF-WHLA0iH0hcYUG0HK5Q,5
RYfYrkLoZWGWIjjf0L8awg,2
vYOSnZv51V-vwa2hlXMNHA,2
czgtNWHrFkD5QTHwIwVBYA,2
oM_REHvQExDL7icqmb1sAw,4
VDvF7dysXrICgqp0AiqqeQ,2
z35ROeyRRnN-sW-6SJm-Nw,2
8JMb9kYB_3oX03uICiNYVw,2
of6bvdjmDyrc04ws1d7Jtw,5
9UD6HcC71Nt8HSWwuzcP0A,3
_SyJUwMq972pVSF51D8PGA,0
pVgmhjC3BtamvugfzUV3tw,1
Ii-0RBE5So1-iAy24jTJUw,1
VJT6V3ju0qC1i6M27cD-og,0
m9STTxGlllC6_sOxYdiX2A,2
zgZJtLN-_zPNtKHI2nrjbA,5
hxGA--fsvYuT1-VFQm0S6A,4
ycnZifgfAzxd1rq_V89uZg,1
BHdClmLHV8U7ixKS-PV7yg,2
a-wm43drnGfI_YQvF9dhKg,5
7cWL8Xadq1u20nGAKRyOrA,5
2pnPqW1xrumam_p-1zGsmg,3
WOiItlhdGtUtGani55jMmQ,0
kdte6MwXpmrUnVOUOc8Zmw,2
jWc6qPWPm8_sOjbRzHdhaQ,0
KGP6bgVKOATKyeuXMx2tNw,0
5AF_JOAFpVBTUBM_uoCmaA,3
54hX-JQQNMx5-CxkJDD3Jg,3
mD_jPpe1E4Sf3t8JTVPcwQ,5
J1n8QBMEXXQmvYVJQqsuSA,0
9D2AQEWx5dj2bYKMxEcxiQ,1
_9obq3cVhn58NmFrg3aD7g,1
NbiTz_eAfCX4_U_CpGAbsw,2
2WUjMaDWljNn4rDZ5QcJ8w,2
QWySFNMEvjsslFx0RQAP4g,3
rjedRXaRKpyEoXV3xElc9Q,1
zkBo0dkLfs8_kJTbpBvhMA,0
YIfmQJ3Np1KXqcDHtCiw-g,2
E3HjoH85WIsobCnh2y5Ymg,0
a7oW0BsJYJenPhUCDNVRtw,4
JItFxzOnAoYxSJNvvh2wfw,0
EDk56BmipeFuLQ4ud0q16g,2
6K0aB8jJ5R-Ran7ewsqoCw,3
ywYtwerK-b1za6wwT2JGfA,3
Xg8gSwm5FxHmSt-nc-n2YA,5
m2_xnMkkDUWavNYh4KCthA,1
HMcI0_r-nAHfQnzK1GgKWQ,0
pA21tPyINGYSKVMLJxH1BQ,3
e1OSSM9nO6YH8dmy0F1dmQ,2
s6UjX_TWx8KuMDqTNCheUQ,4
CG5keX0i833uZ4jXor8Alw,3
0Bi6K_UMWYDVx0d1NXnTsA,1
jzxdMtcapzyTime4HuGx_Q,0
_qD1_NpLKkU2_Iy3XYP6BA,1
Io-Y19PcAthLKZzKlnRzzw,0
lEk1ShKkbvxxrkq0Pa5PlQ,3
-FgBHrDIGbtGejhyQZtY4w,2
BwtfTZnJUeN3CZ_ONXaEDA,2
ZpPna83JQMP9xmF5oOGBVA,4
YJcPQHRqDArjL7OSrF2ffg,1
fAaIdY9d8UW_YmqMU72mqQ,3
tpKGB3D8AZ-0rx24sXWnkA,4
1fsRS7bDKLWJmYRQNnzPlg,2
gedKOuOQBo4K8BS2C5GIPQ,1
YcaKB18Bz5uJEMWpYThekQ,2
rq4TtG2fkmFPLIwRYVylyQ,5
EjpyAKba3ZFXVPJVYE6kbg,3
wRv6CD5qvnmOFt5EyMfw0A,5
YYxphw2cQO-MSRgFsg29Ig,1
4cviNhwZq3_TaKMsVmaPsg,3
ZJMnE7RfDVoMxgAxwNHh0w,0
r8r4nT4MouA9zYJPD2-e4w,5
-mwiYg6Tq87As568IFPmSg,1
kj3EgjYy2-vLW_7ri10WMQ,3
_II1hdhYvO1l48IsrS3Atw,5
Sh83UG1TgQj6a1et1K3wcA,4
5577ZwTpqqzZlaDNLFQdvQ,1
sDFisy3roo5Djkw4HYdnGg,0
ighJdH6XsS-7SGemQrVvCQ,0
DvV0dtp2xsenbj8xFao62w,2
ectQBUe0Ttk7qm3L6Um9Xg,0
06r3ZCauqYZRjx4D_1YRtA,5
xxoGVAK3brQbHUp_hYkN5A,1
1n4lNEzhEyL-sfQTZEmpSA,0
APT0A-VTIMLOOqqhonluwg,4
e01pHo0xIYGJPPxp9QIL_Q,1
2r14YUMMTKDEIT6dALf63A,0
z6wJnI_zD3NhbF4PyKEx9w,0
NQ-1TC51ErJnPKAAsB9MvQ,5
xkDzpLQhiRK1mn63QVMP3Q,4
b1dupGkTLyL-Ogn_j_bhbw,0
0HX1UqwkTC4r1Isy6NgJ9w,3
u2rLgZayTlovRlPuOZLY0w,4
Wu6zX5TrbE_HZbQhDuVNNQ,3
RoMq5kR9_25lnj-62JugXQ,0
W58mhnUi8SYPm1ZB9ChKWQ,3
fCQ_qU2Z_Gh80iTQaNHqLw,3
dXmB4RV75bzvm74M-RDrBQ,2
7DvenBx_dQhRVH69HkkgOQ,2
Kq_7vR9YXF7gV2C40iHv_Q,5
PKb31Tx5rGpfMRaEgicVNg,4
Tn3N5sdlCauBGQFEaW3X7g,5
azwxUeHUg07jlDtORh6Gtg,5
oE84c9zEnEnBp-ObvpRQNw,5
hza5_Vj2AaEELbmbG_RzRQ,2
V3CJBvNV9sjEvmeGX5Znig,5
7sqyJtg-NhhUDVT3MbDUZg,5
AQ3QQxbMo2f9e4pOh497uA,4
HURtqNcJk6mEMkr3faTHNA,2
Bd0733iyTMHWMJX-aWkqcQ,2
E2IrvgGRzxeVmmnJyps9OA,4
02rOnhd9yZgHlSTwiZC1gQ,3
2TWMlzsUCBIEonOPLJ1_uQ,1
IABndQ1eIcy-kC3MLgmXXQ,5
YlCHub-JzIdTp-w8bo9PgA,1
058bCtpy_1km3vLLrR96Ag,1
iBsr0lAdTOs1XlwJXE4x8A,3
J9iAeEXM-nPJas2UGZpdiQ,5
zRO-WkUAVBKgvOhJW1eFAw,1
AblgfGc2H5wOZS956mxpAw,3
h3M-w2erZ_wtJERt5o5N9w,3
5ZhzADAoJXfcRUMxGddOWA,3
g1B9XNhCGY8EBC6VUuFcpA,1
q-RIdBmeWxZXaE9G6O8pdA,0
Bb7LitHbPIW7hPnRtSO49Q,3
BRnY5RzECbWH9yPbiXiSog,3
XnmiAdwUTRghRDJujM1xYw,1
UlIhxiIf1QMhbAtxYoyPUQ,2
kE2YjcfjqjmeLOf-8fZGJA,0
70IQJGOLWv3Fmvlc9mMQUQ,3
SzaEp2u-89prSua20NzeyA,0
-q0KpOWUdeky-rKBfnpQ5g,3
zEaYw2EGxEyWSjRvf2u4oQ,3
6VGcOPKY5S-3hqbPmAbp5Q,2
g3L0ynqV_-yfI38k7LzQKA,3
oMxTW7p1d-Ttg6Tyy0L3DA,3
trSxEpFdzfa7J_10XgaDBw,4
3mOlW4Txu1rh2zQr7wUhzw,2
mkVkCbp4m9IyVEq9Sb6XrQ,2
_f4gCK7BcVx4xT5ObLFwMg,5
k8Nt1C3-FdMoeuxXSJQH3Q,4
dsG-J1DcFSx0Q9xfgALKpA,3
fRdBoNpSbY4mP_t8ZWnn4Q,3
1S98oGX5ehlqiJv9Ae-3Rg,1
ZXM2azOFEf5__kjdE3h9Jg,4
aUOUoqKsrup3gl8DAmevmQ,1
vlmRBCJekyfCcKv39qH1Qg,4
l4_e-8oy0iRr0Kk77k-1Hw,3
9VINfGF0_6ujAZaSnyFUMw,3
jm4nXfUbFM7i1NEtIDUB_A,0
Q8u0uH7VX52fg__0TPDJpQ,2
M8gjiWK1s4xU7lMzZZPLaQ,2
GHyFH5TGDvatZN67vytjGQ,4
6cWBZi1jN1ajCeBfXd0fJQ,2
6Sy7xdZoKGCgm43VLnIFSw,4
KN6nzivQTrpNjPdtnkos7Q,5
_jZoYjs4ucRPpxzGA-qe6w,4
lRp5FLoSv3Uoh1MukrOr5Q,1
8fDgNRTw757Lm8mxOX8lZw,0
ViPHiO7GUGeBa6ggY0ROCA,5
MLIsky-kNV6z8gj5sTd8hQ,0
2kEwk6z_N03Dhpi10SI_Zw,5
5dDH9iSUKPw1fGNYiQezpg,3
pZ0nNLVX2wh2cBLfdtDa8A,3
uHRgq1dx_ljhSbbnfTYAvg,3
dxrYvI5Jwklqx9xhS-ZJog,2
rQKSnS-QRZNcBTiOBF4Ybw,1
8e3eFjL-nw1oqLf1TTffNQ,2
xAhej1hRKxJ-Du0U3Ackwg,2
0oRz1Ml6ft8vly17G4dWUQ,2
O1Fr01tC03b9kJ6pzdenEQ,0
Ff5JssM3xwxo32wlN-zRwA,2
3UWsYSWSYDXU9IwXSZyCTQ,5
MTEuIXOZu-zsJf-3zrm4sg,1
kQDTCk6k-KCDQbKO-N9Tmg,5
tEOYzsRjBdFeylavICbYEg,0
MVLYkmt6RfN-vYo1yyp8CA,1
QmTvtjIiju-l3rkUejKx3w,4
M4CkIIpFDW4aIy_wtF2bcw,4
INO_LzoTG8AFXWV-jdeX0w,4
D0dZA10oSYbd9qQKKUxiDg,3
7VSL45jIf46X-LNN4cNhdA,0
5kazoXBmK6CfSJz_3NSTCQ,0
YrnsxsmFZaQuOOq-DCphFQ,4
sLsfrkxCt76R-e5NF_QM5A,1
5Mb5oB4CB386bKFnPbKIDg,1
6fz-fylW5QT3fushZmXsLg,2
7GDK8WIt2VN2RiDE5tlE1w,5
V1XFp3yerBWZcyJ6VsQP2A,0
LZ2Ovof1H34V9P2KL4jjOA,0
3ezzdpN5zUus4QpRnfe6pw,4
LqcXSiCGGII8S64Tl9UAJQ,2
JLCWzxBMbrTVIvjraXJqEw,0
YFBJv8ZeordhHz4eiOoQUA,3
okmfVjexh2k3Zdslg1bUJw,0
xbFhJs3iSksjJBr4ZrGe-w,5
bF_MBTC3ZzUcM4i1KZtDwA,0
CAub6yF09gmlXY81y3olHg,1
tS4XBYLT_7JFnAXfc3CV_A,4
t00xA8ULDWvXDG8XbmzODA,1
ZAzJkr_Aa-wVkuVjiYdrFg,5
LpIIeMzeILAplYee1g6Pxg,2
QzcWWvipSs2EoijVicpz2w,5
lAvLDC0A9PwVKI_-FSO0yw,1
WmfmHDlN5jhrUmGe4WINZA,1
DQjRGs939gBPqfoIqK7VYQ,3
ODDjKBhzYnuW1HCK0EO7dg,4
WOgA1sidII-iwfNIiyXg_A,1
vOndr3nLYsA_LUxE0MMq9A,2
w02VJ6D9uZ6BY9ue8HEwRw,0
WijOs_yuNKZZtvDKjGyHPA,4
UwJzuXrpN3pHtDmgBeEKXw,3
WnXKvjPOff7XfxN9xedGzA,5
or9Ukss5hJa257sR6cyxGQ,3
lpvLLg9yYhhXmZ9mUuk55w,2
iabJjOO-fFBdq3mED0Dtag,0
VJgt91qmTdzlwrpIE7Zujg,1
vCRFmURamC75QmXuG3JmTA,4
ioFNKarf29KGjRZdH0qC8Q,3
jaU3d1mlF_FxDMgM2pdETg,4
C1jUZVKM5lTZWmgzBElhtQ,0
mkg8RMhfiOh0fZ3inyyimA,1
3h6h9rwAsXZlDgntVaxRIA,0
g4ovWEkUfP5-qhO0SgHp3Q,4
zewpgnS9wM-Ex4ZwaREUdA,0
HK9VP5fA2V8bxueTM8xXyA,1
07zbSgM9pXGaKqU40Jle5g,2
dLTSp_4UOH6XlYsFkVb_AQ,1
jKfHJ1HRKvWMkuU74SJ-VA,4
FsJo8ox1JJwt59qkR-oBuQ,4
bQcA29KaGnqoYt17YpQLjg,2
FE-X_Xv-utPx6-XNE6U1_w,0
dTPxCboYVuxVLg2Nr3kRQw,2
o90-bVYYBy-lLfqQuGe_nA,3
UFdbWZtKIfQTmgSuJm80-w,5
LTsPOld1gIeZOmrTPT4qtA,2
FvEdkcRXtV164Rl28z1F-g,3
w0g3l_DpRQuDzfrwo45Bbg,5
9LsBwUnEfUxtcZU98I1urw,0
M7kvgFEtpJe3PrIeR1D73g,0
XTW9trfYPPe-7jhyfmdDlg,4
x9TQG6M9bfcv2dIv0ECrAA,1
3OHu573HvvcKX-B1-yPDcw,3
lemQD8SWtbPB42CU-NTfPw,5
ToPHg-ZlL3eGGY3JkQUmFw,3
MHMYP9Vag-ETy7_NDYHx8g,5
8NJa8EVuqyXB_m6DDMBKRA,3
-DCcRKWqvXHPnGBhRx3vHg,1
ehnVAOXRZYge2keGjXzxUg,5
gSepLxcdSyRFSTGa5Dn8IA,0
2doDiOq3RnmUeVey9I_XPQ,5
RRBp0cYMog5-rA-_JORk3Q,0
anO_3QFQgrHkmqxgZA1HWQ,0
nf5TE6WIPNWGyPI-g3r08A,1
gvVAGWp40G69-nAXz3R_Ww,4
ivQRuXSaGhBn_kABn8mRSQ,1
SyVqkBwBv_JLyc5Lnp5yBg,2
KW2qsj1fGiNfVZNg6I1WeQ,0
HEqRghYaTEiQee9LZ7PZVg,1
OpToCdDBykmaF5irKxB34A,0
AMaGNol40NKx9y8wmyIeng,4
_caj5dWzzUfJLToxr9BDuw,2
DnqaW6k1Oze_bOIXbTqW8g,1
3-ulwy0RmTvtvIwHl8L79w,4
J690Vu42uJHmunGzbjaBZw,0
KW6JO2gvaD_cOeVWgdRBZA,4
lCd2TFIPOh9TXJBQw5LpIw,2
EqZJn1smhsho0DP-JYG0Ug,4
a_cjkwxr_SM61pivnoq4eQ,3
PDxhn6LvIeEts-r-_9uzqQ,4
KZYShlQ8Kr_kedfdKvYDDQ,5
NL60va5FIkR3qRwH8Bl7bQ,1
-eYf8TSeXMkCYrHtYxe3wg,2
5xFlkhLlfLbOi64wRDtDSw,3
6x5yxHG0_dm1yhp1EG7eVQ,5
nlvDKVnQl5fI3NDfoD_OKg,5
kO7pis1UieZ9La6ALCpfqQ,4
XbCS8eT3k7ReBk5pCa-u1A,4
QsrP6eRzOxRvjVkiRBYy3w,0
Xf1bFwk4OJNGebhjp9ystw,4
Gg00-vLZELUmeavED4_lTw,0
pRSHI4n2nHrtIpW2aYcJ4w,5
UALqcyZmttNYGcWVFXCyRA,1
clfuMzSLGP8VsBdrxRe_pA,5
HfKS98NsNsGAQkVq_Bn1XA,0
b6dmjsQCvj9SIye-AScRmA,1
VdDpF5Ze4IAHx1k5-vJLgA,5
xnQFhFGrsv_bixfAn2ybiQ,3
R-Oo2IpTgmfazBarFsTfPQ,1
pG7WCHYA7GPKx1_QyXQJaQ,4
LQI2nniU4_ZRF2sz2f1PUg,5
-FCglhG4eD5TMmgvTDBBYA,2
C4mTPy92RaDCtpynoujwPA,5
RqrcBb-J-TRfZpqFCBPFQA,1
PT6pEQDDnn8CGj0C6HvQoQ,1
l-pEC3u8rkLMu03CbWMArw,2
LcmIBIB2z-WNn5JB85amVw,1
sDh669RuFID_fh3pfeFOjQ,5
4KAFc7McjchEPTH3AozjJg,0
VzHHTCpMTdyVF3sgMiQwPQ,1
NtwSeIy-NMYML4TnxeiTdQ,1
fEBTKRgEzMKYaULSknhS5g,1
Mm8HmGaXLtgNboe15AME0Q,4
hO79PklmmISK51tkZum77A,4
xFptBtnnqUfkl13PIMmRvg,1
3r9RNovWt-8XLl_h7LwJRw,3
Hyl7v1OvqV0SDOnnWyks7A,5
CWYnYKNg6UkWZdcf3zZudQ,1
CJ9VlpJc-Tp87QiFqHWrpQ,4
-DzbfN6hUGRXj6dffen5tg,0
iLByjhS-xdYxFYkjBF_aoA,4
sOAYV8s6Pfd2EFCDfJVqJA,3
M2wf6by85wJMpzkSHJFwyg,5
wuTYvvJdlKomazymg6R4bA,4
F5eicsBcsqMSaq3cZLR1qQ,0
3c1MtRb8yCmJ7Kk9d3_jkA,2
8ycCfM7tCO-if0_eif92YA,0
D68Dlt51CqSFuv2VE5-oiQ,5
2TVVjeWawV7qom3e6GKosQ,1
bgAi7PttBjNbVH0sam9P2g,4
r-xHVvc9yWsKTkFWHrWznA,4
9MwPiGfujm4MW76yzZ5S5w,4
aF9nIMeIJndoqQaapDt2pw,5
Ve93MxhJxgeudkk1EVt85w,2
qONSkNp3Cs9TL1B8G5sQgw,4
8-jl6N9plIRc_uJofsEfQQ,3
8mLYfBoVymrp7zg2ajRtnw,2
EA1KkHShM6_-yp97DrenxQ,4
CEPZibQ8CVdQS2bHCuj8Sg,5
M7wfe76WUJAZWkaaUvUZww,1
xS7W2sZMAQVLF0pMnWD1zg,0
ovDf9Owyd-0s4lcLzYOuzA,3
3M9_FBpMdqxee-9GDaM6qw,3
XFddVvKwIQhypIzciKm8MQ,3
xWO0vMehrY79wOWrfjrrig,2
4dCzHh6Qu1pn_OOnw0_J1A,0
so1JiALwinYdL_ubPPsBEw,1
5sEcWdzTqTGkhYGgdI6Bfg,5
ZYvlRt7ytiN1Ah-Y77yC-w,4
jKNekpJZmJuywZNkb1vgFw,1
5IyRrDfCborQDnbAMM0Law,2
07Je9SOV0fLWg--pLuh-yQ,2
5X1nPqJRbcsEpvLCK2UpjQ,2
Pq_4joGaxfTu7R2JJnR8OQ,3
R3GUzidIm7LGBVaSr-ZpfQ,4
8NinOYK5XZYsdipl_L2lGg,0
2vEZ77SbCgMVAyUJwVD7Iw,2
MRdp6QKz-DA4nTjXyGAvvA,5
ANMCQYgW0RHVKzSyaWFhmw,1
xwhiyjj-AH_fM-RJdRDQaw,5
wAOBa4JgiYd9SY4LjBAN1A,0
dQd3Y-bJa4jfE5rcM_6GGw,3
aHGBLfltvImIIrkgP6a-5A,4
g8xsuJuDl4gQELpknjlcDg,1
7GfGziAPOfWZerzc4i3ljw,5
xbjVldkoUVyYuvuoA8idqQ,5
HUErKH3aPkgGnv4MzH1vpw,2
PWQ3JyQ-lQZYtlY_PELAhw,0
l9tIVRz60EDvjjX_dAsG5Q,4
n-4lT4jlygUB1A7e-xPtWw,0
sMQ9PvVxhjOAyPMyz8V6fg,0
yPstkzogwlLMSmRDT61Rjg,1
Yyr9DuIdPrDF42P6cR-2XA,0
KmTEM-FBtEwN1yzjQyyn6w,5
ar6jm5k3qjIoHei5DdaWgg,5
pMFwwfBpUphXtPfD7oJIRA,1
2fhBOqzsKrCLXhiX0FDkng,3
sf6wqTr0UFQuZk-pMKyq4w,2
g9XYSoU-tSzx-MNicY_R7Q,5
9eJqngjuyTJUR2ZUit1sDQ,5
hc_dCfQoogSDEVTMB0OXFQ,3
tNr7wpU3wDzfiDykvQifHQ,0
aABmDqTFDHy_qWNp03lYzw,2
jEqUuB3S3eqarqNHfjmLTQ,4
eAUn0S_G-uZ6ZcppGqwiQw,1
Kb8TPZhDnUU0ra4m5td9_g,0
5hPyZ0BAWaE7UpIcB8fV8Q,2
jtxlfZPpYxW7sEQKK-oMfw,0
NsUJj-ArF2FJmtW_A6DqHQ,4
XJiv_f_L1QcWdHulZvkfWQ,2
jolfpHyYjQ80i0IpKJEjnw,3
dxshJR-BDUO2NOVJpHyg6w,2
odUZdr-bMy-kvc4B5hikpA,5
GkPT2Vm8cXUkLho6Bjz2bQ,2
pm5eoCoYtEDw37Adp4ckiQ,1
AlLGqgL0NTnC-lYKGy1Ktw,2
WdTG6NKStzSXsbJWQikKTQ,5
AoSu5nJpoStp81xG0TWmxQ,5
i9dR5Y8A3yb-fP-o7NmvRg,0
miYrgYj9sgyYsYUvmSSowg,0
QsL1j_JvqGmEyQnXqw7PLQ,3
430ZRZU4q1DvhEySg1NEWw,4
fhE2pQd1744ihppgj-ZnXA,5
wttJkYDxkL8x-_n6wv1mzA,2
NzuJqiYxoa7hoBHtHf4C9Q,4
OaE3voQysndOa11i7mX4JA,1
zYG0ni2cibhJWD2mPOokDQ,1
FWCPeMBk3Dk_PSTSGj3PUA,2
0U5D-C8_9oykucDVxwYhfw,4
Qir-QA3QA_djQVFfiWbIFA,0
F2JN-3dMmZ7VzFQh_8ll2w,1
1GJKGe6gTq6r7b2Rptw0jA,5
n0g3SlNQsGuGw4aLlzuLYg,1
55oFVC-42efieLYl3GFx8w,5
B7jubO3eZdu4UeNQUo-yyg,2
OosptVNxs_pesruwT2rh_Q,4
_HNKhUJjDsrZYrFL-EUbRg,3
LpGXrk1UjbzSo1z8ZPJDhA,4
aFiv6mFK7ybBolNgEfevPA,1
wPOQTBQBHOcJ6DxVoihR1A,5
ImJZ7_7ULAVni_f2TrpxCg,2
wSFjGbrQLppsMkdcpTA_wg,0
6MtFhRi2kgao3PBbDe51yw,1
lR-v2ov20okZJW35P091dQ,0
MWjABi5CanhVkf5QEWtqVQ,1
g4GzIYDnTOYoU1tRAiA3Pw,0
PbzlF-ycjHUXu_OVUo1J6Q,5
KLgCRk38mrR9AYNZxFt2RQ,5
ZpTHrWK-xxVzVZaWDnKjfQ,1
vXbcwOe06XG3r1BVql4kgQ,0
UjU2vMfSz7pWaz7h2wOaTQ,3
UnHRrk0SaWtLfvro2D_qOw,3
SUOCnWpVX_hdTfnSvgDHeQ,3
wLPsxaur71B0AXM2veXnEw,1
BCZu6WLkynNqy2myON7Hmg,0
S6QiDnHuS6Xvirtat_SnAA,0
NiPxNXMT4reW1xpl8RrU3w,0
48r-ZbwUqNBuMXeVoV1QCQ,0
f1k14V_SYzu9y7t75_gBtQ,0
jbZpwpG70VeTTRUO5-N9PA,1
bwTeD5qfTR_tf9JfiU2czw,2
PFnpOXUy8GxB2idv2uLGmw,4
dQ6qnx4ian8-uFLiwL6nwQ,1
k2tFQR1HiQ8wM6U5tmk8HA,0
LBZWnkcSp_enawGbzu8_Ng,4
mU93fj6LPUcuZIdT13cVxQ,5
GawC1SLyejNZeWKE3yCBBQ,3
ZPGs-_FW34_fwjRY4iyoBg,0
yaWXCmeGzBWiKzn7KgnOVw,2
rvnwpFgZk0Nn9oGftVwM9w,5
mrIBvmrlXPgjaJYBLRE31Q,4
SXlZ_OfECCG7QLLunNiXyg,1
vQI6TOAhA9mLnnoNuQE6GQ,0
PKJoUroAkbrMMX2u7akuQQ,4
cT3QxdtNuMG0MkkXFsefTQ,0
_jXkqBZk_BEjkFqyxz-bPw,5
sxg2PJ-ijTCUcL8LI_vpGg,2
gwY-I-UPuqKfpB9fn-pNRQ,4
IyuBcHUoWQfGJBHfil3Wng,2
n41G36zW-Ya2uKrBaWusVQ,3
xpC3g59RJNilJeZ9yW0MiQ,5
W8X0kT0D8yi086cDcNkxWA,5
T9B0sd9r6zZfbqxH37FQSA,5
srsx29W9YKfSZtRZst8DEA,5
6t-RF2DYzEQQGryOiEHFWA,0
f1zwyZ0tCPvovQ00w8MjmQ,0
D7dEax-WP5jNknKO9s5DQA,1
YPkK2YQnynXxZ-4C1ylQjQ,1
1-jcB1dqLa8zdeG5OmkNbA,5
YKGybc779I9D7JOU4FFJHw,1
RgJuZ-B6kNHTZiJYUet9XA,3
MBM7fc1S8VwS3eQdsj0nCw,5
b4scKEFkMuFGP8DY3as1dg,5
qRUiDz_u5UJexcWKh2WaEg,4
61gW5ql1ja2Rbm7E4cjpGg,2
XiC51nFTlZdguA8n3-VrHw,0
dGAkykdATE8PVRLbZwXBvQ,3
uadAzmq85Yo1qsVAYtzb-Q,0
QxeYqTQ2D3WnGE9UQc8ysA,1
0mLJQOrOBedoams5l90_Sg,0
zNEPfcLuhCNS59s92tgXbA,1
NwPvlDbVR3UKbNhFWcLhuw,5
hMWlDBlxmfPqiKU-J0tP2g,4
CLwGe8mS-CrMtVYuPiQ3Rw,1
TmhpIgqXdwRNauXHJJIqfw,1
6NO5uDxddNsQM61R8ICR2A,5
OX7F4DDpQAmCyq_aovArug,2
v9jtWLYwxgQiBEK-WemqXQ,4
pIenGEcR_CI1_0xbT2z3vg,5
rmW5WEQ4Y8oZKJ8WIMWxeQ,0
u2yZBRwREXTSrWWkwlEmEg,5
X-rY9aX7SCkKnkheqRMINA,4
h14mkwm81nPvQ0kZYs_MCw,0
IsXOu4S9-jqAF2mKxyXm3Q,1
R-9opYN_oWnrbU8UcHpesQ,5
w9n0fUumQ5faPFBsvXetmQ,0
C77KQfd-5JkXrfjXDD8TUQ,1
6SwOEr997HIyoyPkbitkkg,4
Ur_yN7l4I2_dbUWZFFvx5g,4
k3jY-c3bv1MdLF80PdoqIA,0
arUz1xVliHjD_DvouCEkOQ,5
8CbWhxIao9VT5Ek7Lk5VOQ,2
-6vryerwkQBtuvxjsJI--A,3
Xe8qXF0tQ_dbWC63OVyV4w,0
I-kSdoiHS2XRC5wKgitIuw,3
aem61G877fTNHxu_4br_ig,4
3FSlOhnyi8erBJiHatHnqA,4
1oHBh52w-UhZQju657FbgQ,1
9lG1OX7E0NeF6CfEBNITGQ,3
wlOFbjzyZssI5b32n4EPTQ,1
2jEsBPlHT781tTDdq5nDGQ,2
65d8c-b-OErurtXRQ9pKrw,1
OJmN-Lq12icBqQCiK9vlUw,4
Ff_VGJZSwYVQBIG9Quia6A,5
9sSnXGSWlzN_UDoOhHxDmg,5
SfzaqMmvUKIxnPH4d8kZFw,1
z3eW6mllol6YgrMf4AoJOw,5
3YWer3rNHdFxF51kmKI7CQ,2
zOkX-ecjpydbm6LWW_sR_g,3
eljPMCbijAlNkxVhjREj-Q,4
MIiAvF-28bhre8AQcO4cww,1
yjNQxGJMXa-gKuMvPsT_yA,1
hiP6M7nX1ClVAHe1XxgLFg,3
XBAgAYUTeAB9YqTXhvChDg,5
eb8XRyIokVgKxvtCtL4Zdg,0
eoKU0enF1OdDVb6sjtIRXQ,4
pjGC1Ev6NS3Fja7MFBiPmw,0
Hzrexr3Lc-z50zz7zqYdmg,0
_Jp5kCoKbtRAm44gSyBXZA,5
EzR9MiQTaqU8CpsD5Kr-bw,4
YQispU8egAUXRUQ8ZMnPhg,2
J5Uj3J1a_rGw7pVH0zlBBg,5
Liq1S6A1tn34OqZyVXm89A,0
ab18VyRiof8F6rK3q-kvzQ,4
nfyntMCvlkP96di2TDzQOw,0
F5fMiBuCrwvjOLkHZQ5z4Q,0
agprm-Uo2UhwCyHicKAR8g,2
RFvBGqfB1DmHYDtm5L3d9g,0
Sq4GoU_57065uiDYNoD0lA,1
3XYuMjL7Dc8z8moP9aepOA,2
mDxa5JHYZAvoN58kY5X-Xg,1
qUnVuW5jRhhFpC6lsj9hMg,1
Uszsf9HJcIot9tyfCpEqrA,2
oFnRZBLZuUEej3-m1hP0Ng,4
ThAhe4JO0yvWlaRw5l1pRw,5
gviZvfFAlvJK6sdbCbBjtw,4
KPqc_A1TFLtneerzLG7h7g,5
_89nDekbE3xZEHa5bMwo7w,3
dDPBScGcLSukphMn_HJ4cg,2
i70hNxxjyrJBsVEQU-GUmw,0
VnHnBge8P0tyWBZ0N2o3Qw,2
CDjXP4WyhKmvsgQ9Cc8djg,5
nzHABW527FkonUnu8I3bCQ,5
WneQNYw6h4JhHyKJ1v39EA,4
oighpuk7TAJjE4pyau4slQ,1
A0PVD0ySJd-sTR3OscRIyw,5
U7wJ5tvRKmdEzJpHgLKlPA,1
A3UYw7WPjyj__TjwYn41cw,2
NMkBxMPW3g8Wk1t9N0O39w,4
8OCljpXWurPfb-2R3YW8dA,1
GKMdebT4oTzwdCo3L18Kig,2
OER1uYrH94m2WXP_qoT2iQ,3
n19A9iQpl8vx4k4STDR9Tg,5
4nN0A4NQFYEdNIOzVVua2g,0
_inbJx1g8OwOWhXAmsfNaQ,2
a04Y7NgvFtGs37KkC33EoA,3
GtKgehciEUJ1OFm4wa7OEg,3
qoStKaAIQ0l_clwZyAmf0g,4
wXyoLRTLSfyAGkxuN8bm6A,2
GbnjkkriH9DmnDWmv6N-kQ,1
pCmnmilM-lzO4iwfs3x38g,0
uDEvJY3ozCdgtXxEpSJbRw,1
LX9EURfKyW_9nOHd7Z659A,0
o8oGoiRPB84WMWW9P4khXQ,1
BV7LsMW_rH7pFI3Aqe1f9Q,1
rT8RmfP0M5wqT7lG3oG0rw,0
uqEfEeKpkhUJmTsMAlV2mA,2
shvvAIMbSBaRTg19xQPMJw,2
tp9k_Ihph8v_FhXRrLc8TQ,1
UBdm8EEmfohP9vAgdKOe8w,4
M8RWMkBDJNzbsyWTIt0qJg,5
uBiZdRo4jkGFy18DrsuSLA,1
WdNjF2_cfNUF_PEEzqSH4Q,2
zuhgJZf0MP5Ep7eC23V03g,4
kdKCm2WsscMgSWcaox0iqQ,1
U08HLs0y1-ZtqYAzKqiehw,0
7smsclv9H4hxKJ3EnBph6w,0
AeZiYN-RjqoBj19fiujR6w,2
xvFegRSjET1srHO-UGAHuw,5
LCVCl1ViYg4Y08KpQbCbSw,5
Q22dV2hkosJ8gR8VYz4Eqg,4
lXrVrvR2exubdztP1KaKTw,2
2qwie3Mh07ExqAdw-zBzLw,0
gyPpUvbPzF-iXX2yQjtiow,2
YANjf0byoskS3lHgpm3VEA,3
_9wvusv9ddZAO3xQkY40KQ,4
hr3QHQ4K6qflXuRx7gNtWA,1
eFn88SQcb0zf0lnlPnHygA,4
AhE5XTs26ERPzZko_zCFpg,2
rGR5851pkfXIdDjNmN0KXQ,0
vnbkVXhIxBPLVAJ3OELg_g,2
f8qMzikqsOr0DF89kMlDcg,0
PpSKGLdFO4Q4LIKwkLOm3g,5
JHQqnzqbIrFNsFurdqtTZg,5
5BKnbSU7vA7PIgzRw-QwvA,2
ca9F5dKLb2efk3S3f_dLWQ,5
CwTQbZe_TBXJMTAhhRsOKw,3
1_WvvghBbRtD-FkXIcwkGA,3
uJlck9CNadgE3lxmB2V4Qg,1
FQonamt2gtTn8UGdFivAJw,5
OOc_X6-A8bjMaS5NZSt8kw,2
k0P6lWiYP1qNQ5wNe3bRCg,2
kExMZ_SVJPbYKcG92heFMA,5
PTzf4mCQqtZr86BqlF6wxg,3
FjAPIbBgS-yW1CTmtvJYKg,3
28vDIm5ojsNK76mN5hJoJg,1
zW80DZLpK-FBpeZCxgbGYw,0
1D8hb7iV5hb8-XAhxKLg9g,3
2yabVOB-ZNe-fo9wc02xsw,0
CMubUsxPMH4GklSlbY0vqw,1
JiNYRRpEpDpXpAlNaRz2YA,5
Po90bzVqMej9XBrNQGlfvQ,1
ishnQ8u_HEI-dD25FyAHtQ,1
tRX1DFuRjckQPvWoSeeWBg,3
F9QCOGwDDYqheklviSSY-Q,4
uZlM8bLBtlZu-sT-RyvmXA,4
QPUL_7zJVwxzSdltgrxpGQ,0
52gYlDbdcL-xE3-mSgPYcA,1
nHZQ3Rv6RpbFGup0M6EyOg,0
1jIAo3SX5Y7zgXlK2LkFmg,3
1GyulAaJ3oOg9L8TwIj4kA,3
V2bgy5mlQG01FTo9PT-5zw,5
0bKGKOrNSza4GDkGbSsfVw,0
h8ImvYIrwfx-xfqOffHoRA,5
_MJrnrlK1r9CQB_BBCcRIw,3
NgH7JUp7BK4F30JfumHGvA,1
4jNLmas3XRItbRQB47XhgA,4
b-ZJj7t4fV7VyxWFQJP0rQ,2
VASdOe1Y_aJ8DX38zQw0Wg,0
WwOmLg7Uj58IP0hA_uMAiA,2
OxTPzCxGeq_EQHT7Iy8Y5Q,1
0lrix8A9tm3wYXdr64mXdQ,5
ufBj3NQYTBg9rgmN7JQeQQ,2
nvJ-vna1h6ShG5FiV8BADg,4
rc8EREmmkn1okSBzBn-J6w,4
f48hRvi0woS0HgEqPuykXQ,4
WWFxXFMIFg3f1aBSWd-lPQ,3
ZPoew_628C8ImxQr4BTgXQ,0
aTj7NhoWXjODGv6yOoDsxQ,1
RUbX0dCphXljNUX6lfvpiA,1
zwH-ICPi8xjmhNkN4EdXuA,4
u7pq7a-OE74DzRHXEi7_OQ,4
-LDxaRpD20MVmRN95vzLWA,0
p6N_liAaOE1CUykcN_wsCg,3
M4r1fSGZd9mfR7OJfStWMg,4
ynbKLaz6QV7g7GeKFTklUQ,4
D-NPvGcYM7D0FLsTBncPVw,0
a9nabvUTt0nRQoXbfzt_qw,0
gyAfX8eCGa_bXJ45XEX1EQ,1
yglpopgQy7SO8Z0SJQ-XSg,5
hatcdQHluBk1WgCAA5FYJQ,4
Ca8lF9xQAvP9yiIMwGlMhg,1
t3fpUZT3wlKbtQGTBBpl4A,2
xI2H1Cjy1xT4tqKhMFyvvg,2
Xv8dvBFofGEDUtmFlC8OlA,0
lbQFblmPKVJIkuu5bW56cA,1
upSQtiE-ZafgHsqoMx48Bg,1
NP-4j9lX6iBRNwB6KPFH6w,1
PC0AYixk4nXdwkNuYoSBig,3
RRNMIuioJrZUKRqOmrLFpA,1
T9a_oWR4PophxGC_Bv1AvQ,2
vAPBMCfXda4Lm0wjqKcFrg,1
T3Ag-gykjOikRu5zyy45Ig,4
mRWq6h6Pd_cegUSsSsDceQ,2
gfzLuJ8MU8rVlhUJxQSABw,2
G3Q-96pDdZYLgchWLHz49Q,1
52uGuZkQUqlo7qnQX1drOA,5
aU4RkjWoutH0MMpkElhrGQ,2
dT2lFcqN9EzCLf8dQ0f-Ng,0
299W6MEuXsFvsyelWU2MaQ,5
k6LPuwfWsXi426MrTUc7Kw,2
oJo_uZhaHMO1tO1Ax7GLNw,4
Q6ZMr5X5L_MftD-Pla3gRw,2
JRLNx6WJTfMzACCp60BfaQ,4
lLPQSIFUua4b4cqICZKdtw,2
3oGfNTvtKXlCX4f1_m7UZQ,3
smjdc4xnKXrCiPcbSsiCOQ,4
eFZUj9o_-5jykCsL3DwB7Q,3
0prcEB3ffpxeCmWNuH_Arw,4
SZcI1Ef39KPuelBT3Vb6TA,0
Uq_IXcCXzBvVKjE4V-tADg,1
o7U_3YLW8Tx72E4DQPbeKw,4
py7Tm3YVLmHhu1YYm9K5og,3
g0M2iE3uJD7lteRZYmuLVw,2
NDQsUgQh7cDnQg5oiZA53g,4
QUFTIz6IN4dV0R1oMhtSCA,5
waUKpfvDdyQCbv97V97q8w,1
gnGFWEHk8jKF183L1jDVFg,2
ej2cco5zZ188lEfi7oP1zw,1
HQGUaen_Iw74gKZz0H-Qmw,0
lo5Gbb8AK8DxGj95w5wCJg,3
Y16Grvrv_OB4NHQJxahLMA,2
ArmusD7uv13Kg3OyYZBLDg,0
8coQ4GAfR_udMLc_IiQVeA,2
vOGT1urnBluMfT5PUTiH4Q,0
D-rBD2z0a3OILV2J-A5XhQ,4
ulb4vLaB9Cyche8qaHEqqg,2
6NGNrJ4x94cf8Vh9hhoDDw,4
f-xFvTSral4H6OoVc50cHw,3
OMBUDlgYHKHCdjD-0pMCJQ,4
NrNjKRE19Qud2BaSzWnpBA,4
ykUif2B_swPqLIeLtVQ6Ug,2
aGFhuDM_VtvNkOuKYNBWrA,4
cfc2b8ZZvp_HX4po4La3_w,4
l4kw4mQV3qCSWUODMb31YA,3
UuTeLALzvoQJh3buqfKE-Q,3
YTJaqFiY35AP7UJ2mf7Vng,5
uWRZcnPBI5QtIEDWl0KOQw,3
QKhhO1KBXWioPIfXMflx9w,5
OGqbW-Lz0XQAPBIJY0QUug,2
rEC6nfsGprjZn4eU_81Rvw,3
xNDCgnCIRk19mRI1JNf8_g,1
gutIgZbZtGpyU-i78DAokw,5
a5OqxNOboLeVNy58F3K-mA,4
xu39VZ9oPzknOSwQEsZUWQ,2
pO2gULh1NHD0OQ3IZDHhMw,3
yxtfxNEYYYlQeNlgiNtySQ,1
mRAv9SLZMj7oVG3cm8cFDA,2
nvHtWqUmQE9SftRxTEj12Q,4
c-FdiLSJ3N4EFllPG1niew,3
BSDxnAJW-XZx2s_AuJA3pg,1
IjidM25ctLgMckG_Nozhrg,4
1Te48puqa793DuKkb65DkQ,0
_IBj63vIbP7mSZfDElb1AQ,5
lNgHdm2W2eoziXLwwIsr1w,0
wYnqgjlw4ZLgAUAwOrcukA,3
ks_r28w4-O0cCBknGzX8wg,1
W7Dxj3cAXkdij9eteIVmqA,1
JLXonb5xVqeSs32yYzqTzA,5
rnBPGIX-5VkKvU9dGO8iNw,5
ZkZx1UcStRTBkui99S7EBA,5
s8-PgM-3HbRkoOXFIR2KOg,2
IGdhmXLIrGrcH8vimhf8yA,2
jlK05zVJxhnYdrFjxNzPqA,1
zgvd2Qh03CGvwq49TEX0Yw,3
BfG4HhnU3huFa72vOFCOCA,4
goewaZTC3juNotDHQuVqdw,0
ck-IeBLudXTqUjhkbEUYEQ,2
r568BmRW59BAjykoXFmrCQ,4
-gcus5ofmkZHRI8fwFU9vg,1
NFmwAfP7vxuUPpXLX9CQaw,4
cynzU8ys63Pe21TGj7TobQ,0
CWm101SORRe2Yq4SOJ8eeg,5
pcMmEdMnCN7y4MGB412c2g,1
euDhh0TpLiPgP3icooqgCA,3
wWso2iQ_VGFO4tjOgH6uRA,3
GqFDXfDgfB-W8I7uNyovdg,5
Ax4uHBrouR5_l1X2EUG9CA,1
SYpSDF3hmmdT45DN2isT8A,5
kW2dA6ygg8OHb4sVNWS3GA,4
nl97qUmUB8TnawJ2Qkebjg,0
QxAEcYFHl4GPGgd0CeqfCA,5
FrUuzlvczgxTrgt6Es_otg,3
XK7QPWWASWh9oPvdyv3bpg,3
hQVeJSthY3qnhLo1FglFag,3
b057pUENtOBx5RNqHDQ5Ng,4
WDSb0rIUbh5VV9ZmOhF3AQ,0
DeF2BkI0-Px80KIlPeIoww,3
zIBLXAWiBAlpR2FQ5XMz2g,5
FY6xd_oxveC9P41oO864VQ,3
WjLual5lbjDzsEtY_CNRjw,3
j8DHqcOVHNbF9n_RZgMqsw,2
StAgifGI3L9nQISSEqGBRQ,3
sPCDtsZXoCSSLuCbZNxb9w,2
isvpzdPU5FI35aZR5xfV3A,3
tv65BSsbeWd_qT5Jj9u17w,1
EzbjeH82YrvkERvlWzFLdw,0
ZH3Dek47nAv8Elaax0PZoQ,1
WlnSnq7R9lDddFXT-VLeJQ,2
Cf9_1YVbYN34xMd2zu2e4A,2
a3M4M7cZcIef7KoUnVX4IA,5
tSIae_Q9-5esN3HjQtFobA,5
DuuhKHcnCI7WpBxBVmjcjQ,5
Rqah_R8fhHLB0y-VomNdMg,0
U2OAOQYxGyIiNv5ZZPHGmA,1
Gz27txd_5YYDPu4i_yMSQQ,5
IZWM4k2vjkixW7boOXSLrg,5
ATMP3CqGIL1gQOLNhQiSow,4
7OJLl-DXKvVV-Xic7ZAO1w,5
qU_GPsOpqqr_3ztrK5xT-w,0
pl0evorJ2f4xGlXpaJgNxg,4
ikAyw9mF58672VnHRR14cA,5
31MtunymsDWIAhuCrbSTkw,2
GzBQe4a05OD0purti2pymA,1
akK_VE9If05KmbjzYpV9gA,5
ui8stcPx1hlB2lg84B_hlA,0
1oto_891HThR7DTcbBNPaA,4
PiGbkQPl4xZ_wQsTuR3tZA,3
sZXivqA4On1S9SddJz2YGw,2
jlZrYB2_Y5Mge-eo4L7lgQ,0
0e85_aiJs1LD9h9rI2TqBg,3
JQa8fESl8IeTxIaTnhUOdA,2
aHCMLTb4rtivcxN5OEZ_lg,1
LzoCeFF_2qsAxFrNZXqInQ,0
t3v_5fGG3gTbtwJUZ20Nsg,1
APa87oMMNs0xYArnb9BSFQ,1
V-KLWKbub40YLahyIqGKMg,1
4DIkFoi63CLC6Wrz8lqbiQ,4
gY1XZnlfst-4ZJtzkJflfw,0
-TCe7ddbOesJ2ni68Zrefg,1
BgZu4-HUrJy3dsZellI6og,3
_U3Fex-VC8Seaej6bISTBw,2
iYTsz2SBAz2rR_5zaAtXfQ,1
gQZAmO59ZMVyEC0XOJ57rg,4
dGBBk1FBZVLFulcKDV4GCA,4
TexoLd0UdT9xJN9a8srXxQ,1
mp71ZhEcr0l0bZr1ivQLuA,5
1Ufz0YLO9cLKDYFlIURS1A,5
oJUnsu4PpTZz-kCE88-9uQ,5
sY_Ay1QhVDAR8RDHrSFUwg,4
kUrWHPYvq7gH1x289U5m1w,4
dsEuDOBCiQe2DAq67NH6ew,0
bIt5UqAY10_3FKoMLFC1LQ,2
LqaK-h8LsqH1Xb0rRDJ68A,3
bxHex_fRobehefkMbOCQCA,2
_AKjJrEUN-7ld8hyh-PG1g,4
wxKDGUvUm4dlp-b9uhWexg,5
0o16wvdMI4aadsE41pkSwg,0
YCIvq9hUUBnYA_cjAFJNDg,5
yni5JSDXcOmcCtw48gVKSg,4
urCRmEE5Xs8txCgZiAoNXg,0
Rf99AYnyTC993HT_HvfsPw,3
2p4P4eV5hDXaBtiyzzywAQ,5
MrNoSjADo30HQNLBgn9EtQ,4
mbr9SxqO2MJbYRuwBbRJtg,0
LleiJNhBSvjfwloSKd7xvA,2
_Gsu83ezU0Ma9VS8gxir0g,1
XQeeg7WFkHVnQX2XuEqlbA,2
aKSOlnDTvyq08AD1F8HPCQ,1
7lGP2GIqeihb95h0v3n60Q,1
4Lm-drLXi25mssPxwUeyHg,3
v7hsK8NCWTDsQxbeq-wyvA,4
SBU9OeXvHO6h8u_P7S0FZw,0
Yte-AWK9NMD2RBTBiyEWFg,0
oZxqo6rspUimmoqKl0_qdA,4
C_oCpNq91uTtOYUs2cChdg,0
qMrxDB5fm8wIzexUp643xQ,3
HrejfPp6Xduy5Pv7i-is1A,2
cXo09g5VbXvLHtg52wqhdg,2
